title,info,mark_time,link,poster,rating
生生长流 / زندگی و دیگر هیچ/ 春风吹又生(港) / 生活在继续,生生长流 / زندگی و دیگر هیچ/ 春风吹又生(港) / 生活在继续[可播放]1992-02-01(伊朗) / 法德哈·基德曼 / 布巴·巴尤尔· / 奥西纳·法赫 / 侯赛因·拉扎伊 / Tahereh Ladanian / 伊朗 / 阿巴斯·基亚罗斯塔米 / 95分钟 / 102分钟(阿根廷) / 108分钟(加拿大) / 91分钟(台湾) / 生生长流 / 剧情 / 灾难 / 阿巴斯·基亚罗斯塔米 Abbas Kiarostami / 波斯语2025-09-25修改删除,2025-09-25,https://movie.douban.com/subject/1303471/,https://img2.doubanio.com/view/photo/s_ratio_poster/public/p1944277781.jpg,
痛苦与荣耀 / Dolor y gloria/ 万千痛爱在一身(港) / Pain & Glory,痛苦与荣耀 / Dolor y gloria/ 万千痛爱在一身(港) / Pain & Glory2019-03-13(马德里首映) / 2019-03-22(西班牙) / 2019-05-17(戛纳电影节) / 安东尼奥·班德拉斯 / 阿谢尔·埃特塞安迪亚 / 莱昂纳多·斯巴拉格利亚 / 诺拉·纳瓦斯 / 胡丽叶塔·塞拉诺 / 塞萨尔·文森特 / 阿瑟·弗洛雷斯 / 佩内洛普·克鲁兹 / 塞西莉亚·罗特 / 苏西·桑切斯 / 西班牙 / 法国 / 佩德罗·阿莫多瓦 / 113分钟 / 痛苦与荣耀 / 剧情 / 同性 / 佩德罗·阿莫多瓦 Pedro Almodóvar / 西班牙语2025-09-21修改删除,2025-09-21,https://movie.douban.com/subject/30198539/,https://img3.doubanio.com/view/photo/s_ratio_poster/public/p2593729173.jpg,
关于我母亲的一切 / Todo sobre mi madre/ 论尽我阿妈(港) / 我的母亲(台),关于我母亲的一切 / Todo sobre mi madre/ 论尽我阿妈(港) / 我的母亲(台)[可播放]1999-04-08(西班牙首映) / 1999-04-16(西班牙) / 1999-05-15(戛纳电影节) / 1999-05-19(法国) / 塞西莉亚·罗特 / 玛丽萨·帕雷德斯 / 坎德拉·佩尼亚 / 安东尼亚·圣胡安 / 佩内洛普·克鲁兹 / 罗莎·玛丽亚·萨尔达 / 费尔南多·费尔南·戈麦斯 / 托尼·坎托 / 埃罗·阿索林 / 卡洛斯·洛萨诺 / 西班牙 / 法国 / 佩德罗·阿莫多瓦 / 101分钟 / 关于我母亲的一切 / 剧情 / 佩德罗·阿莫多瓦 Pedro Almodóvar / 西班牙语 / 加泰罗尼亚语 / 英语2025-09-15修改删除,2025-09-15,https://movie.douban.com/subject/1291937/,https://img3.doubanio.com/view/photo/s_ratio_poster/public/p2167231837.jpg,
"巴黎，我爱你 / Paris, je t'aime/ 我爱巴黎(港) / Paris, I Love You","巴黎，我爱你 / Paris, je t'aime/ 我爱巴黎(港) / Paris, I Love You2006-05-18(戛纳电影节) / 2006-06-21(法国) / 朱丽叶·比诺什 / 威廉·达福 / 娜塔莉·波特曼 / 加斯帕德·尤利尔 / 热拉尔·德帕迪约 / 玛吉·吉伦哈尔 / 伊利亚·伍德 / 欧嘉·柯瑞兰寇 / 亚历山大·佩恩 / 李昕 / 法国 / 列支敦士登 / 瑞士 / 德国 / 美国 / 奥利维耶·阿萨亚斯 / 伊桑·科恩 / 乔尔·科恩 / 格斯·范·桑特 / 汤姆·提克威 / 沃尔特·塞勒斯 / 亚历山大·佩恩 / 杜可风 / 热拉尔·德帕迪约 / 阿方索·卡隆 / 120 分钟 / 巴黎，我爱你 / 剧情 / 喜剧 / 爱情 / 格斯·范·桑特 Gus Van Sant / 伊桑·科恩 Ethan Coen / 乔尔·科恩 Joel Coen / 杜可风 Christopher Doyle / 阿方索·卡隆 Alfonso Cuarón / 奥利维耶·阿萨亚斯 Olivier Assayas / 汤姆·提克威 Tom Tykwer / 亚历山大·佩恩 Alexander Payne / 诹访敦彦 Nobuhiro Suwa / 西维亚·乔迈 Sylvain Chomet / 韦斯·克雷文 Wes Craven / 英语 / 法语 / 西班牙语 / 汉语普通话 / 阿拉伯语2025-09-14修改删除",2025-09-14,https://movie.douban.com/subject/1783772/,https://img9.doubanio.com/view/photo/s_ratio_poster/public/p1762258035.jpg,
地球之夜 / Night on Earth/ 地球这分钟 / 地球一夜,地球之夜 / Night on Earth/ 地球这分钟 / 地球一夜[可播放]1991-12-12 / 吉娜·罗兰兹 / 薇诺娜·瑞德 / 丽珊·法尔克 / 阿明·缪勒-斯塔尔 / 吉安卡罗·埃斯波西托 / 罗茜·佩雷兹 / 理查德·伯斯 / 伊萨赫·德·班克尔 / 碧翠斯·黛尔 / 帕斯卡尔·恩佐济 / 法国 / 英国 / 德国 / 美国 / 日本 / 吉姆·贾木许 / 129分钟 / 地球之夜 / 喜剧 / 剧情 / 吉姆·贾木许 Jim Jarmusch / 英语 / 法语 / 芬兰语 / 意大利语 / 德语2025-09-09修改删除,2025-09-09,https://movie.douban.com/subject/1301498/,https://img9.doubanio.com/view/photo/s_ratio_poster/public/p957052935.jpg,
随风而逝 / باد ما را خواهد برد/ 风再起时(港) / 风带着我来(台),随风而逝 / باد ما را خواهد برد/ 风再起时(港) / 风带着我来(台)[可播放]1999-09-06(威尼斯电影节) / 纳格·阿萨迪 / 贝赫扎德·杜兰 / 罗沙·卡拉姆埃尔米 / 巴赫曼·戈巴迪 / 贝赫扎德·多拉尼 / 伊朗 / 法国 / 阿巴斯·基亚罗斯塔米 / 118分钟 / 随风而逝 / 剧情 / Abbas Kiarostami / 波斯语2025-09-08修改删除,2025-09-08,https://movie.douban.com/subject/1303444/,https://img9.doubanio.com/view/photo/s_ratio_poster/public/p2534949005.jpg,
樱桃的滋味 / طعم گیلاس/ 樱桃之味 / Taste of Cherry,樱桃的滋味 / طعم گیلاس/ 樱桃之味 / Taste of Cherry1997-05-16(戛纳电影节) / 赫玛永·厄沙迪 / 阿卜杜拉曼·巴赫里 / 阿夫欣·呼罗希德·巴赫蒂亚里 / 沙珐·阿里·莫拉迪 / 米尔·霍森·努里 / 法国 / 伊朗 / 阿巴斯·基亚罗斯塔米 / 95分钟 / 樱桃的滋味 / 剧情 / 阿巴斯·基亚罗斯塔米 Abbas Kiarostami / 波斯语2025-09-08修改删除,2025-09-08,https://movie.douban.com/subject/1296177/,https://img1.doubanio.com/view/photo/s_ratio_poster/public/p2522781398.jpg,
何处是我朋友的家 / خانه دوست کجاست؟‎/ 踏破铁鞋无觅处(港) / Where Is the Friend's Home?,何处是我朋友的家 / خانه دوست کجاست؟‎/ 踏破铁鞋无觅处(港) / Where Is the Friend's Home?[可播放]1987-02-01(曙光旬电影节) / 巴比·艾哈迈德·波 / 艾哈迈德·艾哈迈德·波 / 科达·巴和·迪范 / 伊朗 / 阿巴斯·基亚罗斯塔米 / 83分钟 / 87分钟(阿根廷) / 何处是我朋友的家 / 剧情 / 阿巴斯·基亚罗斯塔米 Abbas Kiarostami / 波斯语2025-09-08修改删除,2025-09-08,https://movie.douban.com/subject/1301897/,https://img1.doubanio.com/view/photo/s_ratio_poster/public/p2637230609.jpg,
楢山节考 / 楢山節考/ The Ballad of Narayama,楢山节考 / 楢山節考/ The Ballad of Narayama1983-04-29(日本) / 绪形拳 / 坂本澄子 / 左顿平 / 竹城明 / 小泽昭一 / 常田富士男 / 深水三章 / 仓崎青儿 / 高田顺子 / 倍赏美津子 / 日本 / 今村昌平 / 131分钟 / 楢山节考 / 剧情 / 家庭 / 今村昌平 Shohei Imamura / 深泽七郎 Shichirô Fukazawa / 日语2025-09-08修改删除,2025-09-08,https://movie.douban.com/subject/1296703/,https://img9.doubanio.com/view/photo/s_ratio_poster/public/p981755735.jpg,
红樱桃/ Red Cherry / Красная вишня,红樱桃/ Red Cherry / Красная вишня1995-10(上海电影节) / 1996-11-01(中国香港) / 郭柯宇 / 徐啸力 / 伊格尔·列达哥洛夫 / 徐小玲 / 尤丽娅·塔尔赫娃 / 莉安卡·格鲁尤 / 中国大陆 / 叶大鹰 / 120分钟 / 剧情 / 战争 / 叶大鹰 Daying Ye / 江奇涛 Qitao Jiang / 芦苇 Wei Lu / 俄语 / 德语 / 汉语普通话2025-09-07修改删除,2025-09-07,https://movie.douban.com/subject/1305034/,https://img1.doubanio.com/view/photo/s_ratio_poster/public/p2633679620.jpg,
寂静的朋友 / A néma barát/ 喑哑的友人 / Silent Friend,寂静的朋友 / A néma barát/ 喑哑的友人 / Silent Friend2025-09-05(威尼斯电影节) / 2025-09-08(多伦多电影节) / 2025(德国) / 梁朝伟 / 蕾雅·赛杜 / 卢娜·韦德勒 / 恩佐·布鲁姆 / 西尔维斯特·格罗特 / 马丁·乌特克 / 约翰内斯·赫格曼 / 赖纳·博克 / 黄云 / Felix Burose / 德国 / 匈牙利 / 法国 / 中国大陆 / 伊尔蒂科·茵叶蒂 / 147分钟 / 寂静的朋友 / 剧情 / 科幻 / 伊尔蒂科·茵叶蒂 Ildikó Enyedi / 英语 / 粤语 / 德语2025-09-06修改删除,2025-09-06,https://movie.douban.com/subject/26967871/,https://img9.doubanio.com/view/photo/s_ratio_poster/public/p2924944796.jpg,
帕特森 / Paterson/ 柏德逊(港) / 派特森(台),帕特森 / Paterson/ 柏德逊(港) / 派特森(台)[可播放]2016-05-16(戛纳电影节) / 2016-12-28(美国) / 亚当·德赖弗 / 格什菲·法拉哈尼 / 内利 / 里兹万·曼吉 / 巴里·沙巴卡·亨利 / 特雷弗·帕勒姆 / 特洛伊·T·帕勒姆 / 布莱恩·麦卡锡 / 弗兰克·哈茨 / 小路易斯·达·席尔瓦 / 美国 / 法国 / 德国 / 吉姆·贾木许 / 118分钟 / 帕特森 / 剧情 / 吉姆·贾木许 Jim Jarmusch / 英语2025-09-05修改删除,2025-09-05,https://movie.douban.com/subject/26677495/,https://img1.doubanio.com/view/photo/s_ratio_poster/public/p2385215679.jpg,
整蛊专家 / 整蠱專家/ 求爱总动员 / 整人专家,整蛊专家 / 整蠱專家/ 求爱总动员 / 整人专家[可播放]1991-02-02(中国香港) / 刘德华 / 周星驰 / 关之琳 / 邱淑贞 / 吴孟达 / 李子雄 / 王晶 / 成奎安 / 程东 / 陈百祥 / 中国香港 / 王晶 / 108分钟 / 整蛊专家 / 喜剧 / 爱情 / 王晶 Jing Wong / 粤语2025-09-02修改删除,2025-09-02,https://movie.douban.com/subject/1299680/,https://img1.doubanio.com/view/photo/s_ratio_poster/public/p2164309000.jpg,
机遇之歌 / Przypadek/ 盲打误撞(港) / Blind Chance,机遇之歌 / Przypadek/ 盲打误撞(港) / Blind Chance1987-01-10(波兰) / 1987-05-08(戛纳电影节) / 博古斯瓦夫·林达 / 塔德乌什·罗姆尼斯基 / 比涅尤·扎塔西奇斯 / 伯格斯拉娃·帕韦莱茨 / 马尔泽娜·泰巴拉 / 亚切克·博尔科夫斯基 / 亚切克·萨斯-乌赫里诺夫斯基 / 亚当·费仁希 / 莫妮卡·戈兹克 / 齐格蒙特·哈布纳 / 波兰 / 克日什托夫·基耶斯洛夫斯基 / 114分钟 / 123分钟(未删节版) / 机遇之歌 / 剧情 / 克日什托夫·基耶斯洛夫斯基 Krzysztof Kieslowski / 波兰语2025-09-02修改删除,2025-09-02,https://movie.douban.com/subject/1307200/,https://img1.doubanio.com/view/photo/s_ratio_poster/public/p2504900419.jpg,
风柜来的人 / 風櫃來的人/ The Boys From Fengkuei / All the Youthful Days,风柜来的人 / 風櫃來的人/ The Boys From Fengkuei / All the Youthful Days[可播放]1983(中国台湾) / 1990-07-21(日本) / 钮承泽 / 张世 / 庹宗华 / 林秀玲 / 杨丽音 / 张纯芳 / 陈博正 / 侯孝贤 / 陈淑芳 / 颜正国 / 中国台湾 / 侯孝贤 / 100分钟 / 风柜来的人 / 剧情 / 朱天文 Tien-wen Chu / 汉语普通话 / 闽南语2025-09-01修改删除,2025-09-01,https://movie.douban.com/subject/1299436/,https://img9.doubanio.com/view/photo/s_ratio_poster/public/p2197299205.jpg,
杀人短片 / Krótki film o zabijaniu/ 杀人影片 / 杀诫,杀人短片 / Krótki film o zabijaniu/ 杀人影片 / 杀诫1988-03-11(波兰) / 米罗斯瓦夫·巴卡 / 克日什托夫·格洛比什 / 扬·特萨利兹 / 比涅尤·扎塔西奇斯 / 芭芭拉·杰坎 / 亚历山大·贝德纳茨 / 杰吉·泽斯 / 兹齐斯瓦夫·托比亚兹 / 阿图尔·巴奇斯 / 克里斯提娜·杨达 / 波兰 / 克日什托夫·基耶斯洛夫斯基 / 84分钟 / 杀人短片 / 剧情 / 犯罪 / 克日什托夫·基耶斯洛夫斯基 Krzysztof Kieslowski / 克日什托夫·皮耶谢维茨 Krzysztof Piesiewicz / 波兰语2025-08-31修改删除,2025-08-31,https://movie.douban.com/subject/1303654/,https://img3.doubanio.com/view/photo/s_ratio_poster/public/p2497615647.jpg,
十诫 / Dekalog/ The Decalogue / The Ten Commandments,十诫 / Dekalog/ The Decalogue / The Ten Commandments1989-05-16(戛纳电影节) / 1989-09-05(威尼斯电影节) / 1989-12-10(波兰) / 1990-05-04(西德) / 阿图尔·巴奇斯 / 昂里克·巴兰诺斯基 / 胡契克·卡勒塔 / 马娅·科莫罗夫斯卡 / 克里斯提娜·杨达 / 亚历山大·巴尔迪尼 / 奥尔基尔德·鲁卡斯瑟维克茨 / 斯塔尼斯拉娃·加瓦里克 / 克日什托夫·库摩尔 / 达尼尔·奥勒布里斯基 / 波兰 / 西德 / 克日什托夫·基耶斯洛夫斯基 / 55分钟 / 572分钟(电影节版) / 十诫 / 剧情 / 克日什托夫·基耶斯洛夫斯基 Krzysztof Kieslowski / 克日什托夫·皮尔斯维奇 Krzysztof Piesiewicz / 波兰语2025-08-31修改删除,2025-08-31,https://movie.douban.com/subject/1301252/,https://img3.doubanio.com/view/photo/s_ratio_poster/public/p2259966767.jpg,
着魔 / Possession/ 魔鬼狂爱(台) / 迷恋,着魔 / Possession/ 魔鬼狂爱(台) / 迷恋1981-05-25(戛纳电影节) / 伊莎贝尔·阿佳妮 / 山姆·尼尔 / 玛吉特·卡斯滕森 / 海因茨·本奈特 / 约翰娜·霍费尔 / 卡罗尔·杜瑞 / 肖恩·劳顿 / 麦克尔·霍格本 / 马克西米利安·露丝莱恩 / 托马斯·弗雷 / 法国 / 西德 / 安杰伊·茹瓦夫斯基 / 124分钟 / 着魔 / 剧情 / 恐怖 / 安德烈·祖拉斯基 Andrzej Zulawski / 弗雷德里克·塔滕 Frederic Tuten / 英语 / 法语 / 德语2025-08-23修改删除,2025-08-23,https://movie.douban.com/subject/1297203/,https://img9.doubanio.com/view/photo/s_ratio_poster/public/p2633303314.jpg,
怪奇物语 第五季 / Stranger Things Season 5/ 怪奇物语最终季,怪奇物语 第五季 / Stranger Things Season 5/ 怪奇物语最终季2025-11-26(美国) / 薇诺娜·瑞德 / 大卫·哈伯 / 米莉·波比·布朗 / 菲恩·伍法德 / 伽塔·马塔拉佐 / 凯莱布·麦克劳克林 / 诺亚·施纳普 / 萨迪·辛克 / 娜塔莉·戴尔 / 查理·希顿 / 美国 / 肖恩·利维 / 马特·达菲 / 罗斯·达菲 / 丹·特拉亨伯格 / 弗兰克·德拉邦特 / 怪奇物语 / 怪奇物语 / 剧情 / 科幻 / 悬疑 / 奇幻 / 惊悚 / 恐怖 / 马特·达菲 Matt Duffer / 罗斯·达菲 Ross Duffer / 英语2025-08-22修改删除,2025-08-22,https://movie.douban.com/subject/35774681/,https://img3.doubanio.com/view/photo/s_ratio_poster/public/p2923400752.jpg,
生之欲 / 生きる/ 留芳颂(港) / 活下去,生之欲 / 生きる/ 留芳颂(港) / 活下去[可播放]1952-10-09(日本) / 志村乔 / 日守新一 / 田中春男 / 千秋实 / 小田切美喜 / 左卜全 / 山田巳之助 / 藤原釜足 / 小堀诚 / 金子信雄 / 日本 / 黑泽明 / 143分钟 / 生之欲 / 剧情 / 黑泽明 Akira Kurosawa / 桥本忍 Shinobu Hashimoto / 小国英雄 Hideo Oguni / 日语2025-08-20修改删除,2025-08-20,https://movie.douban.com/subject/1293847/,https://img9.doubanio.com/view/photo/s_ratio_poster/public/p2215888214.jpg,
杀死比尔 / Kill Bill: Vol. 1/ 标杀令(港) / 追杀比尔(台),杀死比尔 / Kill Bill: Vol. 1/ 标杀令(港) / 追杀比尔(台)[可播放]2003-09-29(好莱坞首映) / 2003-10-10(美国) / 乌玛·瑟曼 / 刘玉玲 / 薇薇卡·福克斯 / 达丽尔·汉纳 / 大卫·卡拉丁 / 迈克尔·马德森 / 朱莉·德赖弗斯 / 栗山千明 / 千叶真一 / 刘家辉 / 美国 / 昆汀·塔伦蒂诺 / 111分钟 / 杀死比尔 / 动作 / 犯罪 / 惊悚 / 昆汀·塔伦蒂诺 Quentin Tarantino / 乌玛·瑟曼 Uma Thurman / 英语 / 日语 / 法语2025-08-10修改删除,2025-08-10,https://movie.douban.com/subject/1291580/,https://img9.doubanio.com/view/photo/s_ratio_poster/public/p2493495946.jpg,
神圣车行 / Holy Motors/ 花都魅影(台) / 巴黎圣骑士(港),神圣车行 / Holy Motors/ 花都魅影(台) / 巴黎圣骑士(港)2012-05-23(戛纳电影节) / 2012-07-04(法国) / 德尼·拉旺 / 爱迪丝·斯考博 / 凯莉·米洛 / 米歇尔·皮科利 / 伊娃·门德斯 / 莱奥·卡拉克斯 / 让娜·蒂森 / 任洁 / 伊莉斯·洛蒙 / 法国 / 德国 / 比利时 / holymotorsfilm.com / 莱奥·卡拉克斯 / 115分钟 / 神圣车行 / 剧情 / 奇幻 / 莱奥·卡拉克斯 Leos Carax / 法语 / 英语 / 汉语普通话2025-08-06修改删除,2025-08-06,https://movie.douban.com/subject/6875451/,https://img9.doubanio.com/view/photo/s_ratio_poster/public/p1778756586.jpg,
游园惊梦 / 遊園驚夢/ 满园春色香港版 / Peony Pavilion,游园惊梦 / 遊園驚夢/ 满园春色香港版 / Peony Pavilion2001-04-06(中国香港) / 王祖贤 / 宫泽理惠 / 吴彦祖 / 赵志刚 / 陈克宇 / 富恒智 / 林青霞 / 杨凡 / 汤梦佳 / 谢元真 / 中国香港 / 杨凡 / 122分钟 / 游园惊梦 / 剧情 / 爱情 / 同性 / 杨凡 Yonfan / 汉语普通话2025-08-04修改删除,2025-08-04,https://movie.douban.com/subject/1304708/,https://img3.doubanio.com/view/photo/s_ratio_poster/public/p2906914593.jpg,
"家有喜事 / 家有囍事/ All's Well, Ends Well / Family Happiness","家有喜事 / 家有囍事/ All's Well, Ends Well / Family Happiness[可播放]1992-01-25(中国香港) / 张国荣 / 周星驰 / 张曼玉 / 吴君如 / 黄百鸣 / 陈淑兰 / 毛舜筠 / 李香琴 / 关海山 / 高志森 / 中国香港 / 高志森 / 100分钟 / 106分钟(修复加长版) / 家有喜事 / 剧情 / 喜剧 / 爱情 / 家庭 / 谷德昭 Vincent Kok / 蔡婷婷 Tingting Cai / 张肇麟 Roman Cheung / 杨振耀 Jan Yiu Yeung / 粤语2025-07-12修改删除",2025-07-12,https://movie.douban.com/subject/1300064/,https://img9.doubanio.com/view/photo/s_ratio_poster/public/p940263436.jpg,
英雄本色/ A Better Tomorrow / Gangland Boss,英雄本色/ A Better Tomorrow / Gangland Boss[可播放]1986-08-02(中国香港) / 2017-11-17(中国大陆) / 周润发 / 狄龙 / 张国荣 / 朱宝意 / 李子雄 / 田丰 / 吴宇森 / 曾江 / 成奎安 / 徐克 / 中国香港 / 吴宇森 / 95分钟 / 剧情 / 动作 / 犯罪 / 陈庆嘉 Hing-Ka Chan / 吴宇森 John Woo / 梁淑华 Suk-Wah Leung / 粤语 / 汉语普通话 / 英语2025-07-12修改删除,2025-07-12,https://movie.douban.com/subject/1297574/,https://img3.doubanio.com/view/photo/s_ratio_poster/public/p2504997087.jpg,
薄荷糖 / 박하사탕/ Peppermint Candy,薄荷糖 / 박하사탕/ Peppermint Candy1999-10-14(釜山电影节) / 2000-01-01(韩国) / 薛景求 / 文素利 / 金汝珍 / 徐情 / 高瑞熙 / 李代延 / 金敬益 / 金仁权 / 孔炯轸 / 柳承穆 / 韩国 / 日本 / 李沧东 / 130分钟 / 薄荷糖 / 剧情 / 李沧东 Chang-dong Lee / 韩语2025-07-11修改删除,2025-07-11,https://movie.douban.com/subject/1303145/,https://img1.doubanio.com/view/photo/s_ratio_poster/public/p2519637549.jpg,
一级方程式：疾速争胜 第一季 / Formula 1: Drive to Survive Season 1/ 一级方程式：极速求生(港) / 一级方程式：飆速求生(台),一级方程式：疾速争胜 第一季 / Formula 1: Drive to Survive Season 1/ 一级方程式：极速求生(港) / 一级方程式：飆速求生(台)2019-03-08(美国) / 费尔南多·阿隆索 / 基米·莱科宁 / 罗曼·格罗斯让 / 夏尔·勒克莱尔 / 刘易斯·汉密尔顿 / 塞巴斯蒂安·维特尔 / 马克斯·维斯塔潘 / 丹尼尔·里卡多 / 塞尔吉奥·佩雷兹 / 小卡洛斯·赛恩斯 / 英国 / 一级方程式：疾速争胜 / 40分钟 / 一级方程式：疾速争胜 / 纪录片 / 运动 / 英语2025-07-10修改删除,2025-07-10,https://movie.douban.com/subject/30465634/,https://img9.doubanio.com/view/photo/s_ratio_poster/public/p2550825615.jpg,
安妮·霍尔 / Annie Hall/ 安妮·荷尔 / 安妮·茜尔,安妮·霍尔 / Annie Hall/ 安妮·荷尔 / 安妮·茜尔[可播放]1977-04-20 / 伍迪·艾伦 / 黛安·基顿 / 托尼·罗伯茨 / 卡罗尔·凯恩 / 保罗·西蒙 / 谢莉·杜瓦尔 / 珍妮特·玛戈林 / 科琳·杜赫斯特 / 克里斯托弗·沃肯 / 唐纳德·赛明顿 / 美国 / 伍迪·艾伦 / 93 分钟 / 安妮·霍尔 / 喜剧 / 剧情 / 爱情 / 伍迪·艾伦 Woody Allen / 马歇尔·布瑞克曼 Marshall Brickman / 英语 / 德语2025-07-05修改删除,2025-07-05,https://movie.douban.com/subject/1296987/,https://img1.doubanio.com/view/photo/s_ratio_poster/public/p619900470.jpg,
雁南飞 / Летят журавли/ 战争与贞操 / 仙鹤飞翔,雁南飞 / Летят журавли/ 战争与贞操 / 仙鹤飞翔[可播放]1957-10-12 / 塔吉娅娜·萨莫依洛娃 / 阿列克谢·巴塔洛夫 / 瓦西里·梅尔库里耶夫 / 亚历山大·施沃林 / 瓦连京·祖布科夫 / 安东宁娜·波格丹诺娃 / 鲍里斯·科科夫金 / Valentina Ananyina / 彼得·梅尔库里耶夫 / 丹尼尔·涅特列宾 / 苏联 / 米哈伊尔·卡拉托佐夫 / 95分钟 / 雁南飞 / 剧情 / 爱情 / 战争 / 维克托·罗佐夫 Viktor Rozov / 俄语2025-06-30修改删除,2025-06-30,https://movie.douban.com/subject/1302077/,https://img3.doubanio.com/view/photo/s_ratio_poster/public/p2058841317.jpg,
闪灵 / The Shining/ 鬼店(台) / 幻觉,闪灵 / The Shining/ 鬼店(台) / 幻觉[可播放]1980-05-23(美国) / 杰克·尼科尔森 / 谢莉·杜瓦尔 / 丹尼·劳埃德 / 斯加特曼·克罗索斯 / 巴瑞·尼尔森 / 菲利普·斯通 / 乔·托克尔 / 安妮·杰克逊 / 托尼·伯顿 / 薇薇安·库布里克 / 英国 / 美国 / 斯坦利·库布里克 / 119分钟(欧洲版) / 142分钟(DVD) / 144分钟(北美版) / 146分钟(初始版) / 闪灵 / 恐怖 / 斯坦利·库布里克 Stanley Kubrick / 黛安·约翰逊 Diane Johnson / 斯蒂芬·金 Stephen King / 英语2025-06-28修改删除,2025-06-28,https://movie.douban.com/subject/1292225/,https://img2.doubanio.com/view/photo/s_ratio_poster/public/p2461253191.jpg,
杀手 / The Killing/ 杀戮 / 致命,杀手 / The Killing/ 杀戮 / 致命[可播放]1956-05-19(纽约首映) / 1956-06-06(美国) / 斯特林·海登 / 柯琳·格蕾 / 文斯·爱德华兹 / 杰伊·C·弗利朋 / 特·德·科若 / 玛丽·温莎 / 小伊莱莎·库克 / 乔·索耶 / 詹姆斯·爱德华兹 / 蒂莫西·凯瑞 / 美国 / 斯坦利·库布里克 / 85分钟 / 杀手 / 犯罪 / 黑色电影 / 惊悚 / 斯坦利·库布里克 Stanley Kubrick / 吉姆·汤普森 Jim Thompson / 英语2025-06-28修改删除,2025-06-28,https://movie.douban.com/subject/1293936/,https://img9.doubanio.com/view/photo/s_ratio_poster/public/p2192213954.jpg,
人工智能 / A.I. Artificial Intelligence/ AI人工智慧,人工智能 / A.I. Artificial Intelligence/ AI人工智慧[可播放]2001-06-29(美国) / 海利·乔·奥斯蒙 / 弗兰西丝·奥康纳 / 山姆·洛巴兹 / 杰克·托马斯 / 裘德·洛 / 威廉·赫特 / 梁振邦 / 克拉克·格雷格 / 凯文·苏斯曼 / 汤姆·加洛普 / 美国 / 英国 / 史蒂文·斯皮尔伯格 / 146分钟 / 人工智能 / 剧情 / 科幻 / 布莱恩·奥尔迪斯 Brian Aldiss / 伊恩·沃森 Ian Watson / 史蒂文·斯皮尔伯格 Steven Spielberg / 英语2025-06-28修改删除,2025-06-28,https://movie.douban.com/subject/1302827/,https://img3.doubanio.com/view/photo/s_ratio_poster/public/p792257137.jpg,
巴里·林登 / Barry Lyndon/ 乱世儿女(港) / 巴里林登,巴里·林登 / Barry Lyndon/ 乱世儿女(港) / 巴里林登1975-12-11(英国) / 瑞安·奥尼尔 / 马里莎·贝伦森 / 帕特里克·马基 / 哈迪·克鲁格 / 史蒂文·伯克夫 / 盖伊·汉密尔顿 / 玛丽·基恩 / 黛安娜·科尔纳 / 穆雷·梅尔文 / 弗兰克·米德尔马斯 / 英国 / 美国 / 斯坦利·库布里克 / 185分钟 / 巴里·林登 / 剧情 / 爱情 / 战争 / 斯坦利·库布里克 Stanley Kubrick / 威廉·萨克雷 William Makepeace Thackeray / 英语 / 德语 / 法语2025-06-28修改删除,2025-06-28,https://movie.douban.com/subject/1292472/,https://img2.doubanio.com/view/photo/s_ratio_poster/public/p2198677761.jpg,
洛丽塔 / Lolita/ 一树梨花压海棠(港/台) / 萝莉塔,洛丽塔 / Lolita/ 一树梨花压海棠(港/台) / 萝莉塔1962-06-13(纽约首映) / 詹姆斯·梅森 / 谢利·温特斯 / 苏·莱恩 / 加里·科克雷尔 / 杰里·斯托文 / 黛安娜·戴克 / 露易丝·麦斯威尔 / 塞克·林德 / 比尔·格林 / 雪莉·道格拉斯 / 美国 / 英国 / 斯坦利·库布里克 / 153分钟 / 洛丽塔 / 剧情 / 爱情 / 情色 / 弗拉基米尔·纳博科夫 Vladimir Nabokov / 斯坦利·库布里克 Stanley Kubrick / James B. Harris / 英语 / 法语 / 西班牙语 / 德语2025-06-28修改删除,2025-06-28,https://movie.douban.com/subject/1296992/,https://img1.doubanio.com/view/photo/s_ratio_poster/public/p2564348169.jpg,
王冠 第一季 / The Crown Season 1/ 王权 / 王座,王冠 第一季 / The Crown Season 1/ 王权 / 王座2016-11-04(美国) / 克莱尔·芙伊 / 马特·史密斯 / 约翰·利思戈 / 凡妮莎·柯比 / 丹尼尔·贝茨 / 詹姆斯·希利尔 / 杰瑞米·诺森 / 杰瑞德·哈里斯 / 阿历克斯·杰宁斯 / 尼克·欧文福特 / 美国 / 英国 / 本·卡隆 / 史蒂芬·戴德利 / 菲利普·马丁 / 朱里安·杰拉德 / 王冠 / 50分钟 / 王冠 / 剧情 / 历史 / 皮特·摩根 Peter Morgan / 英语2025-06-22修改删除,2025-06-22,https://movie.douban.com/subject/26427152/,https://img3.doubanio.com/view/photo/s_ratio_poster/public/p2384662883.jpg,
罪恶之城 / Sin City/ 罪恶城(港) / 万恶城市(台),罪恶之城 / Sin City/ 罪恶城(港) / 万恶城市(台)[可播放]2005-04-01(美国) / 杰西卡·阿尔芭 / 布鲁斯·威利斯 / 克里夫·欧文 / 本尼西奥·德尔·托罗 / 罗莎里奥·道森 / 布莱特妮·墨菲 / 米基·洛克 / 阿丽克西斯·布莱德尔 / 乔什·哈奈特 / 戴文·青木 / 美国 / 弗兰克·米勒 / 罗伯特·罗德里格兹 / 昆汀·塔伦蒂诺 / 124 分钟 / 141分钟(重剪辑未分级加长版) / 罪恶之城 / 动作 / 犯罪 / 惊悚 / 弗兰克·米勒 Frank Miller / 英语2025-06-19修改删除,2025-06-19,https://movie.douban.com/subject/1309027/,https://img1.doubanio.com/view/photo/s_ratio_poster/public/p1644472130.jpg,
细细的红线 / The Thin Red Line/ 狂林战曲(港) / 红色警戒(台),细细的红线 / The Thin Red Line/ 狂林战曲(港) / 红色警戒(台)[可播放]1998-12-23(美国) / 西恩·潘 / 伊莱亚斯·科泰斯 / 吉姆·卡维泽 / 本·卓别林 / 尼克·诺特 / 阿德里安·布罗迪 / 乔治·克鲁尼 / 约翰·库萨克 / 伍迪·哈里森 / 约翰·C·赖利 / 美国 / 泰伦斯·马力克 / 170分钟 / 细细的红线 / 剧情 / 战争 / 泰伦斯·马力克 Terrence Malick / James Jones / 英语 / 日语 / 希腊语2025-06-17修改删除,2025-06-17,https://movie.douban.com/subject/1292781/,https://img3.doubanio.com/view/photo/s_ratio_poster/public/p2511261922.jpg,
战争之王 / Lord of War/ 军火之王(台/港) / 军火商,战争之王 / Lord of War/ 军火之王(台/港) / 军火商[可播放]2005-09-16(美国) / 尼古拉斯·凯奇 / 布里吉特·莫伊纳汉 / 杰瑞德·莱托 / 伊安·霍姆 / 伊桑·霍克 / 埃夫吉恩尼·拉扎雷夫 / 伊默恩·沃克 / 塔尼特·菲尼克斯 / 唐纳德·萨瑟兰 / 莉亚·科贝德 / 美国 / 德国 / 安德鲁·尼科尔 / 122 分钟 / 战争之王 / 剧情 / 犯罪 / 安德鲁·尼科尔 Andrew Niccol / 英语 / 乌克兰语 / 德语 / 西班牙语 / 俄语 / 法语 / 阿拉伯语 / 土耳其语2025-06-17修改删除,2025-06-17,https://movie.douban.com/subject/1419936/,https://img2.doubanio.com/view/photo/s_ratio_poster/public/p792282381.jpg,
猎杀U-571 / U-571/ 深海任务U-571 / U-571风暴,猎杀U-571 / U-571/ 深海任务U-571 / U-571风暴[可播放]2000-04-21 / 马修·麦康纳 / 比尔·帕克斯顿 / 哈威·凯特尔 / 乔恩·邦·乔维 / 大卫·凯斯 / 托马斯·克莱舒曼 / 杰克·韦伯 / 杰克·诺斯沃迪 / 汤姆·盖里 / 威尔·埃斯蒂斯 / 法国 / 美国 / 乔纳森·莫斯托 / 116 分钟 / 猎杀U-571 / 动作 / 剧情 / 战争 / 乔纳森·莫斯托 Jonathan Mostow / Sam Montgomery / 大卫·阿耶 David Ayer / 英语 / 德语2025-06-17修改删除,2025-06-17,https://movie.douban.com/subject/1293770/,https://img2.doubanio.com/view/photo/s_ratio_poster/public/p734370021.jpg,
地球之盐 / Le sel de la Terre/ 萨尔加多的凝视(台) / 大地之盐,地球之盐 / Le sel de la Terre/ 萨尔加多的凝视(台) / 大地之盐[可播放]2014-10-15(法国) / 塞巴斯蒂昂·萨尔加多 / 维姆·文德斯 / 朱利安·诺里贝罗·萨尔加多 / 法国 / 意大利 / 巴西 / 维姆·文德斯 / 朱利安·诺里贝罗·萨尔加多 / 110分钟 / 地球之盐 / 传记 / 纪录片 / 维姆·文德斯 Wim Wenders / Juliano Ribeiro Salgado / David Rosier / Camille Delafon / 法语 / 英语 / 葡萄牙语2025-06-08修改删除,2025-06-08,https://movie.douban.com/subject/10741871/,https://img1.doubanio.com/view/photo/s_ratio_poster/public/p2205830188.jpg,
芙蓉镇/ Hibiscus Town,芙蓉镇/ Hibiscus Town[可播放]1987-03-05(中国大陆上海首映) / 刘晓庆 / 姜文 / 郑在石 / 张光北 / 徐松子 / 祝士彬 / 刘利年 / 徐宁 / 麦文燕 / 姜友石 / 中国大陆 / 谢晋 / 164 分钟 / 剧情 / 爱情 / 阿城 A Cheng / 谢晋 Jin Xie / 汉语普通话2025-05-26修改删除,2025-05-26,https://movie.douban.com/subject/1297880/,https://img1.doubanio.com/view/photo/s_ratio_poster/public/p2575337180.jpg,
青蛇/ Green Snake,青蛇/ Green Snake[可播放]1993-11-04(中国香港) / 2025-08-23(中国大陆) / 张曼玉 / 王祖贤 / 赵文卓 / 吴兴国 / 马精武 / 田丰 / 刘洵 / 冯雪瑞 / 黄德仁 / 邢金沙 / 中国香港 / 中国大陆 / 徐克 / 99分钟 / 剧情 / 爱情 / 奇幻 / 古装 / 李碧华 Lilian Lee Pik-Wah / 徐克 Hark Tsui / 粤语 / 汉语普通话2025-05-22修改删除,2025-05-22,https://movie.douban.com/subject/1303394/,https://img1.doubanio.com/view/photo/s_ratio_poster/public/p2923862788.jpg,
旺角卡门 / 旺角卡門/ 热血男儿(台) / As Tears Go By,旺角卡门 / 旺角卡門/ 热血男儿(台) / As Tears Go By[可播放]1988-06-09(中国香港) / 刘德华 / 张曼玉 / 张学友 / 万梓良 / 林蛟 / 黄斌 / 陈志辉 / 江道海 / 张叔平 / 周金江 / 中国香港 / 王家卫 / 100分钟 / 旺角卡门 / 犯罪 / 剧情 / 爱情 / 王家卫 Kar Wai Wong / 粤语2025-05-22修改删除,2025-05-22,https://movie.douban.com/subject/1304624/,https://img1.doubanio.com/view/photo/s_ratio_poster/public/p2627349958.jpg,
鲸鱼马戏团 / Werckmeister harmóniák/ 残缺的和声(港) / 和睦相处,鲸鱼马戏团 / Werckmeister harmóniák/ 残缺的和声(港) / 和睦相处[可播放]2000-07-12 / 拉尔斯·鲁道夫 / 彼得·菲茨 / 汉娜·许古拉 / 亚诺什·德尔日 / 焦科·罗西奇 / 塔马斯·维兹曼 / 费伦茨·卡洛伊 / 米哈伊·科莫斯 / 普吉·霍瓦特 / 埃妮克·伯尔彻克 / 匈牙利 / 意大利 / 德国 / 法国 / 贝拉·塔尔 / 阿尼亚斯·赫拉尼茨基 / 145 分钟 / 鲸鱼马戏团 / 剧情 / 悬疑 / 拉斯洛·卡撒兹纳霍凯 László Krasznahorkai / 贝拉·塔尔 Béla Tarr / 彼得·多鲍伊 Péter Dobai / Gyuri Dósa Kiss / 哲尔吉·费赫尔 György Fehér / 匈牙利语 / 斯洛伐克语2025-05-06修改删除,2025-05-06,https://movie.douban.com/subject/1416898/,https://img9.doubanio.com/view/photo/s_ratio_poster/public/p726224656.jpg,
都灵之马 / A torinói ló/ 都灵老马(港) / The Turin Horse,都灵之马 / A torinói ló/ 都灵老马(港) / The Turin Horse2011-02-15(柏林电影节) / 2011-03-31(匈牙利) / 亚诺什·德尔日 / 艾丽卡·博克 / 米哈伊·科莫斯 / 米罗斯拉夫·克罗博特 / 瑞希 / 匈牙利 / 法国 / 瑞士 / 德国 / 美国 / 贝拉·塔尔 / 阿尼亚斯·赫拉尼茨基 / 155分钟 / 都灵之马 / 剧情 / László Krasznahorkai / 贝拉·塔尔 Béla Tarr / 匈牙利语 / 德语2025-05-06修改删除,2025-05-06,https://movie.douban.com/subject/3285632/,https://img1.doubanio.com/view/photo/s_ratio_poster/public/p2248876398.jpg,
阿玛柯德 / Amarcord/ 我记得 / 想当年(港),阿玛柯德 / Amarcord/ 我记得 / 想当年(港)1973-12-18(意大利) / 普佩拉·玛奇奥 / 阿尔曼多·布兰恰 / 玛加莉·诺埃尔 / 奇乔·因格拉西亚 / 南多·奥尔费伊 / Luigi Rossi / 布鲁诺·扎宁 / 吉安菲利波·卡尔卡诺 / 约瑟琳·坦齐利 / 玛利亚·安东涅塔·贝卢齐 / 意大利 / 法国 / 费德里科·费里尼 / 123分钟 / 阿玛柯德 / 剧情 / 喜剧 / 费德里科·费里尼 Federico Fellini / 托尼诺·格拉 Tonino Guerra / 意大利语 / 古希腊语2025-04-29修改删除,2025-04-29,https://movie.douban.com/subject/1298672/,https://img9.doubanio.com/view/photo/s_ratio_poster/public/p771183436.jpg,
尤里西斯的凝视 / Το βλέμμα του Οδυσσέα/ 尤里西斯的生命之旅 / 尤里西斯之旅,尤里西斯的凝视 / Το βλέμμα του Οδυσσέα/ 尤里西斯的生命之旅 / 尤里西斯之旅1995-05-24(戛纳电影节) / 哈威·凯特尔 / 厄兰·约瑟夫森 / 玛雅·摩根斯特恩 / 萨纳西斯·韦戈斯 / 多拉·瓦拉那基 / 萨诺斯·格拉迈诺斯 / 留巴·塔迪奇 / 万格利斯·卡赞 / 米尔卡·卡拉佐普洛乌 / 伊娃·科塔曼尼多 / 希腊 / 法国 / 意大利 / 德国 / 英国 / 南斯拉夫 / 罗马尼亚 / 阿尔巴尼亚 / 波黑 / 西奥·安哲罗普洛斯 / 176 分钟 / 尤里西斯的凝视 / 剧情 / 历史 / 战争 / 西奥·安哲罗普洛斯 Theodoros Angelopoulos / 托尼诺·格拉 Tonino Guerra / 帕特罗斯·马可瑞斯 Petros Markaris / 乔治·席尔瓦尼 Giorgio Silvagni / Kaii Tsitseli / 荷马 Homer / 英语 / 希腊语 / 保加利亚语 / 阿尔巴尼亚语 / 塞尔维亚语 / 罗马尼亚语 / 库尔德语 / 马其顿语 / 德语2025-04-24修改删除,2025-04-24,https://movie.douban.com/subject/1294573/,https://img9.doubanio.com/view/photo/s_ratio_poster/public/p2636423304.jpg,
爱的暂停键 / Elskling/ 关于爱的练习(台) / Loveable,爱的暂停键 / Elskling/ 关于爱的练习(台) / Loveable2024-07-02(卡罗维发利国际电影节) / 2024-10-11(挪威) / 2025-09-05(中国大陆) / 赫尔加·古莲 / 奥德盖尔·图内 / 凯瑞·豪根·西德尼斯 / 马娅·托特哈默-赫鲁扎 / 莫娜·格伦妮 / 海蒂·耶尔蒙森 / 玛特·马努斯多特·索利姆 / 伊丽莎白·桑德 / 埃斯罗姆·基达内 / 阿克塞尔·奥古斯特·莱南德尔-勒尔威克 / 挪威 / 莉莉娅·英戈尔夫斯多蒂尔 / 105分钟 / 爱的暂停键 / 剧情 / 爱情 / 莉莉娅·英戈尔夫斯多蒂尔 Lilja Ingolfsdottir / 挪威语查看影讯2025-04-14修改删除,2025-04-14,https://movie.douban.com/subject/36253688/,https://img9.doubanio.com/view/photo/s_ratio_poster/public/p2924646194.jpg,
疯狂的石头/ Crazy Stone,疯狂的石头/ Crazy Stone[可播放]2006-06-30(中国大陆) / 2006-08-10(中国香港) / 郭涛 / 刘桦 / 连晋 / 黄渤 / 徐峥 / 岳小军 / 罗兰 / 王迅 / 宁浩 / 杜杰 / 中国大陆 / 中国香港 / 宁浩 / 106分钟(香港) / 98分钟(中国大陆) / 喜剧 / 犯罪 / 张承 Cheng Zhang / 宁浩 Hao Ning / 岳小军 Xiaojun Yue / 汉语普通话 / 重庆话2025-04-09修改删除,2025-04-09,https://movie.douban.com/subject/1862151/,https://img3.doubanio.com/view/photo/s_ratio_poster/public/p712241453.jpg,
将军号 / The General/ 将军号火车(港) / 将军,将军号 / The General/ 将军号火车(港) / 将军[可播放]1926-12-25(美国首映) / 1927-01-02(美国) / 巴斯特·基顿 / 玛丽昂·马克 / 格伦·卡文德 / 吉姆·法利 / 弗雷德里克·弗鲁姆 / 查尔斯·亨利·史密斯 / 弗兰克·巴恩斯 / 乔·基顿 / 麦克·多林 / 汤姆·纳恩 / 美国 / 巴斯特·基顿 / 克莱德·布鲁克曼 / 67分钟 / 78分钟 / 将军号 / 剧情 / 喜剧 / 动作 / 战争 / 冒险 / 巴斯特·基顿 Buster Keaton / 克莱德·布鲁克曼 Clyde Bruckman / 无对白2025-04-05修改删除,2025-04-05,https://movie.douban.com/subject/1292778/,https://img2.doubanio.com/view/photo/s_ratio_poster/public/p2248676081.jpg,
雾中风景 / Τοπίο στην ομίχλη/ Landscape in the Mist / 雾中风景,雾中风景 / Τοπίο στην ομίχλη/ Landscape in the Mist / 雾中风景1988-08-31(威尼斯电影节) / 1988-09-10(希腊) / 米哈利斯·齐克 / 塔尼娅·帕拉依奥罗葛 / 斯特拉托斯·楚措格卢 / 伊娃·科塔曼尼多 / 阿利基·耶奥古利 / 瓦西利斯·科洛沃斯 / 伊利亚斯·洛戈塞蒂斯 / 万格利斯·卡赞 / 斯特拉托斯·帕希斯 / 米哈利斯·扬纳托斯 / 希腊 / 法国 / 意大利 / 西奥·安哲罗普洛斯 / 127分钟 / 雾中风景 / 剧情 / Thanassis Valtinos / 西奥·安哲罗普洛斯 Theodoros Angelopoulos / 托尼诺·格拉 Tonino Guerra / 希腊语2025-03-18修改删除,2025-03-18,https://movie.douban.com/subject/1294252/,https://img3.doubanio.com/view/photo/s_ratio_poster/public/p1117765592.jpg,
曼哈顿 / Manhattan/ 曼克顿,曼哈顿 / Manhattan/ 曼克顿1979-04-25 / 黛安·基顿 / 梅丽尔·斯特里普 / 伍迪·艾伦 / 迈克尔·墨菲 / 玛瑞儿·海明威 / 安·伯恩·霍夫曼 / 华莱士·肖恩 / 美国 / 伍迪·艾伦 / 96 分钟 / 曼哈顿 / 喜剧 / 剧情 / 爱情 / 马歇尔·布瑞克曼 Marshall Brickman / 伍迪·艾伦 Woody Allen / 英语2025-03-16修改删除,2025-03-16,https://movie.douban.com/subject/1294300/,https://img1.doubanio.com/view/photo/s_ratio_poster/public/p1672087220.jpg,
切腹/ 剖腹 / Harakiri,切腹/ 剖腹 / Harakiri[可播放]1962-09-16(日本) / 仲代达矢 / 石浜朗 / 岩下志麻 / 丹波哲郎 / 三岛雅夫 / 中谷一郎 / 佐藤庆 / 稻叶义男 / 井川比佐志 / 武内亨 / 日本 / 小林正树 / 133分钟 / 剧情 / 动作 / 悬疑 / 泷口康彦 Yasuhiko Takiguchi / 桥本忍 Shinobu Hashimoto / 日语2025-03-16修改删除,2025-03-16,https://movie.douban.com/subject/1304920/,https://img3.doubanio.com/view/photo/s_ratio_poster/public/p2151748293.jpg,
"阿基尔，上帝的愤怒 / Aguirre, der Zorn Gottes/ 天谴(港/台) / 阿奎尔，上帝的愤怒","阿基尔，上帝的愤怒 / Aguirre, der Zorn Gottes/ 天谴(港/台) / 阿奎尔，上帝的愤怒1972-12-29 / 克劳斯·金斯基 / 彼得·贝尔林 / 海伦娜·罗霍 / 鲁伊·古雷拉 / 丹尼尔·阿德斯 / Cecilia Rivera / Del Negro / Edward Roland / 西德 / 墨西哥 / 沃纳·赫尔佐格 / 93 分钟 / 阿基尔，上帝的愤怒 / 冒险 / 传记 / 剧情 / 历史 / Werner Herzog / 德语2025-03-16修改删除",2025-03-16,https://movie.douban.com/subject/1306002/,https://img1.doubanio.com/view/photo/s_ratio_poster/public/p2528956368.jpg,
现代启示录 / Apocalypse Now/ 当代启示录,现代启示录 / Apocalypse Now/ 当代启示录[可播放]1979-05-19(戛纳电影节) / 1979-08-15(美国) / 马丁·辛 / 马龙·白兰度 / 罗伯特·杜瓦尔 / 弗雷德里克·福瑞斯特 / 山姆·伯顿斯 / 劳伦斯·菲什伯恩 / 阿尔伯特·海尔 / 哈里森·福特 / 丹尼斯·霍珀 / G•D•斯普拉德林 / 美国 / 弗朗西斯·福特·科波拉 / 147分钟(公映版) / 183分钟(最终剪辑版) / 196分钟(重生版) / 现代启示录 / 剧情 / 战争 / 约翰·米利厄斯 John Milius / 弗朗西斯·福特·科波拉 Francis Ford Coppola / 迈克尔·海尔 Michael Herr / 约瑟夫·康拉德 Joseph Conrad / 英语 / 法语 / 高棉语 / 越南语2025-03-13修改删除,2025-03-13,https://movie.douban.com/subject/1292260/,https://img1.doubanio.com/view/photo/s_ratio_poster/public/p2501047088.jpg,
无言的山丘 / 無言的山丘/ Wuyande Shanqiu / Hill of No Return,无言的山丘 / 無言的山丘/ Wuyande Shanqiu / Hill of No Return1992-12-05(中国台湾) / 杨贵媚 / 黄品源 / 澎恰恰 / 文英 / 陈仙梅 / 任长彬 / 许杰辉 / 陆弈静 / 陈博正 / 中国台湾 / 王童 / 176分钟 / 无言的山丘 / 剧情 / 历史 / 吴念真 Nien-Jen Wu / 闽南语 / 日语2025-03-11修改删除,2025-03-11,https://movie.douban.com/subject/1298944/,https://img3.doubanio.com/view/photo/s_ratio_poster/public/p2522310203.jpg,
雏菊 / Sedmikrásky/ 野雏菊 / Daisies,雏菊 / Sedmikrásky/ 野雏菊 / Daisies1966-12-30 / 雅罗斯拉夫·库切拉 / 伊万娜·卡尔班诺娃 / 埃斯特尔·克伦巴赫乔娃 / 伊特卡·采尔霍娃 / Jan Klusák / Josef Konícek / 捷克斯洛伐克 / 维拉·希蒂洛娃 / 74 分钟 / Argentina: 79 分钟 / 雏菊 / 喜剧 / 剧情 / 维拉·希蒂洛娃 Věra Chytilová / 帕维尔·祖拉契克 Pavel Juráček / 埃斯特尔·克伦巴赫乔娃 Ester Krumbachová / 捷克语2025-03-02修改删除,2025-03-02,https://movie.douban.com/subject/1296500/,https://img9.doubanio.com/view/photo/s_ratio_poster/public/p2392561926.jpg,
绿洲 / 오아시스/ 绿洲曳影 / 爱的绿洲,绿洲 / 오아시스/ 绿洲曳影 / 爱的绿洲[可播放]2002-08-15(韩国) / 薛景求 / 文素利 / 安内相 / 秋贵晶 / 柳昇完 / 孙秉浩 / 朴明申 / 高瑞熙 / 李宗宇 / 金度英 / 韩国 / 李沧东 / 132分钟 / 绿洲 / 剧情 / 爱情 / 李沧东 Chang-dong Lee / 韩语2025-02-28修改删除,2025-02-28,https://movie.douban.com/subject/1299582/,https://img3.doubanio.com/view/photo/s_ratio_poster/public/p2371311227.jpg,
春天的故事 / Conte de printemps/ 人间四季：春 / A Tale of Springtime,春天的故事 / Conte de printemps/ 人间四季：春 / A Tale of Springtime[可播放]1990-04-04 / 安娜·特塞德雷 / 休格·奎斯特 / 弗洛朗丝·达雷尔  / 露易丝.贝内特 / 索菲.罗宾 / Marc Lelou / François Lamore / 法国 / 埃里克·侯麦 / 108分钟 / 春天的故事 / 喜剧 / 剧情 / 爱情 / 埃里克·侯麦 Éric Rohmer / 法语2025-02-28修改删除,2025-02-28,https://movie.douban.com/subject/1293632/,https://img1.doubanio.com/view/photo/s_ratio_poster/public/p1715325088.jpg,
春天不是读书天 / Ferris Bueller's Day Off/ 跷课天才(台) / 咪走堂(港),春天不是读书天 / Ferris Bueller's Day Off/ 跷课天才(台) / 咪走堂(港)1986-06-11(美国) / 马修·布罗德里克 / 阿兰·卢克 / 米娅·萨拉 / 杰弗里·琼斯 / 詹妮弗·格雷 / 辛迪·皮克特 / 莱曼·沃德 / 伊迪·麦克勒格 / 查理·辛 / 本·斯坦 / 美国 / 约翰·休斯 / 103 分钟 / 春天不是读书天 / 喜剧 / 约翰·休斯 John Hughes / 英语2025-02-28修改删除,2025-02-28,https://movie.douban.com/subject/1295437/,https://img3.doubanio.com/view/photo/s_ratio_poster/public/p1382118133.jpg,
夜 / La notte/ The Night,夜 / La notte/ The Night[可播放]1961-01-24(米兰首映) / 1961-02-24(法国) / 马塞洛·马斯楚安尼 / 让娜·莫罗 / 莫妮卡·维蒂 / 伯恩哈德·维基 / 罗西·马扎库拉蒂 / 玛丽亚·皮亚·卢齐 / 圭多·A·马尔桑 / 维托里奥·贝尔托尼 / 温琴佐·科尔贝拉 / 乌戈·福图纳蒂 / 意大利 / 法国 / 米开朗基罗·安东尼奥尼 / 122分钟 / 夜 / 剧情 / 爱情 / 米开朗基罗·安东尼奥尼 Michelangelo Antonioni / 恩尼奥·弗拉雅诺 Ennio Flaiano / 托尼诺·格拉 Tonino Guerra / 意大利语 / 法语2025-02-26修改删除,2025-02-26,https://movie.douban.com/subject/1361252/,https://img9.doubanio.com/view/photo/s_ratio_poster/public/p2376274685.jpg,
神女/ The Goddess,神女/ The Goddess[可播放]1934(中国大陆) / 阮玲玉 / 黎铿 / 章志直 / 唐槐秋 / 李君磐 / 中国大陆 / 吴永刚 / 76分钟 / 剧情 / 吴永刚 Yonggang Wu / 无对白2025-02-26修改删除,2025-02-26,https://movie.douban.com/subject/1302210/,https://img3.doubanio.com/view/photo/s_ratio_poster/public/p2028929312.jpg,
秋天的故事 / Conte d'automne/ 人间四季之秋天的故事 / Autumn Tale,秋天的故事 / Conte d'automne/ 人间四季之秋天的故事 / Autumn Tale[可播放]1998-09-07(威尼斯电影节) / 1998-09-23(法国) / 玛丽·里维埃 / 碧翠丝·罗曼德 / 艾莉西亚·波特尔 / 阿兰·利博 / 迪迪埃·桑德尔 / 斯特凡·达尔蒙 / 奥蕾丽雅·阿尔克 / 马蒂厄·戴夫特 / 伊夫斯·阿尔克 / 法国 / 埃里克·侯麦 / 112分钟 / 秋天的故事 / 剧情 / 爱情 / 埃里克·侯麦 Eric Rohmer / 法语2025-02-23修改删除,2025-02-23,https://movie.douban.com/subject/1294140/,https://img1.doubanio.com/view/photo/s_ratio_poster/public/p2248726990.jpg,
法外之徒 / Bande à part/ 另外一帮 / 法外行走,法外之徒 / Bande à part/ 另外一帮 / 法外行走[可播放]1964-07-29(洛迦诺电影节) / 1964-08-05(法国) / 安娜·卡里娜 / 达妮埃尔·吉拉尔 / 路易莎·科尔佩恩 / 尚塔尔·达尔热 / 萨米·弗雷 / 克洛德·布拉瑟 / 让-克洛德·勒莫勒 / 米歇尔·德拉海耶 / 让-吕克·戈达尔 / 克洛德·马科夫斯基 / 法国 / 让-吕克·戈达尔 / 96分钟 / 法外之徒 / 犯罪 / 剧情 / 多洛雷斯·希钦斯 Dolores Hitchens / 让-吕克·戈达尔 Jean-Luc Godard / 法语 / 英语2025-02-23修改删除,2025-02-23,https://movie.douban.com/subject/1401588/,https://img9.doubanio.com/view/photo/s_ratio_poster/public/p2161319925.jpg,
随心所欲 / Vivre sa vie: Film en douze tableaux/ 她的一生(港) / 赖活(台),随心所欲 / Vivre sa vie: Film en douze tableaux/ 她的一生(港) / 赖活(台)[可播放]1962-08-28(威尼斯电影节) / 1962-09-20(法国) / 安娜·卡里娜 / 萨德·里波特 / 安德烈·S·拉巴尔特 / 吉莱娜·施伦贝格尔 / 热拉尔·霍夫曼 / 莫妮克·美辛 / 保罗·帕维尔 / 彼德·卡索维茨 / Brice Parain / 亨利·埃托 / 法国 / 让-吕克·戈达尔 / 84分钟 / 随心所欲 / 剧情 / 让-吕克·戈达尔 Jean-Luc Godard / 法语2025-02-23修改删除,2025-02-23,https://movie.douban.com/subject/1296757/,https://img3.doubanio.com/view/photo/s_ratio_poster/public/p2199277617.jpg,
女人就是女人 / Une femme est une femme/ A Woman Is a Woman,女人就是女人 / Une femme est une femme/ A Woman Is a Woman[可播放]1961-09-06 / 让-克洛德·布里亚利 / 安娜·卡里娜 / 让-保罗·贝尔蒙多 / 亨利·埃托 / Karyn Balm / 多萝泰·布兰克 / 凯瑟琳·德蒙吉奥 / 玛丽·杜布瓦 / 让娜·莫罗 / 多米尼克·扎尔迪 / 法国 / 意大利 / 让-吕克·戈达尔 / 85分钟 / 女人就是女人 / 喜剧 / 剧情 / 歌舞 / 爱情 / 热纳维耶芙·克吕尼 Geneviève Cluny / 让-吕克·戈达尔 Jean-Luc Godard / 法语2025-02-23修改删除,2025-02-23,https://movie.douban.com/subject/1293849/,https://img3.doubanio.com/view/photo/s_ratio_poster/public/p2199159082.jpg,
狂人皮埃罗 / Pierrot le fou/ 狂人彼埃洛(港) / 狂人比埃洛,狂人皮埃罗 / Pierrot le fou/ 狂人彼埃洛(港) / 狂人比埃洛[可播放]1965-08-29(威尼斯电影节) / 1965-11-05(法国) / 让-保罗·贝尔蒙多 / 安娜·卡里娜 / 贾泽拉·加瓦尼 / 克丽斯塔·妮尔 / 让-皮埃尔·利奥德 / 塞缪尔·富勒 / 法国 / 意大利 / 让-吕克·戈达尔 / 110分钟 / 狂人皮埃罗 / 剧情 / 爱情 / 犯罪 / 让-吕克·戈达尔 Jean-Luc Godard / 法语 / 英语 / 意大利语2025-02-22修改删除,2025-02-22,https://movie.douban.com/subject/1292533/,https://img9.doubanio.com/view/photo/s_ratio_poster/public/p1283677964.jpg,
精疲力尽 / À bout de souffle/ 断了气(港/台) / 欲海惊魂(港),精疲力尽 / À bout de souffle/ 断了气(港/台) / 欲海惊魂(港)[可播放]1960-03-16(法国) / 珍·茜宝 / 让-保罗·贝尔蒙多 / 达尼埃尔·布朗热 / 亨利-雅克·于埃 / 罗杰·哈宁 / 范都德 / 克洛德·芒萨尔 / 莉莲·德莱弗斯 / 让-皮埃尔·梅尔维尔 / 让-吕克·戈达尔 / 法国 / 让-吕克·戈达尔 / 90分钟 / 精疲力尽 / 剧情 / 爱情 / 犯罪 / 弗朗索瓦·特吕弗 François Truffaut / 让-吕克·戈达尔 Jean-Luc Godard / 克洛德·夏布洛尔 Claude Chabrol / 法语 / 英语2025-02-22修改删除,2025-02-22,https://movie.douban.com/subject/1353745/,https://img9.doubanio.com/view/photo/s_ratio_poster/public/p2167119775.jpg,
大路 / La strada/ The Road,大路 / La strada/ The Road[可播放]1954-09-06(威尼斯电影节) / 安东尼·奎恩 / 朱丽叶塔·马西纳 / 理查德·贝斯哈特 / 阿尔多·西尔瓦尼 / 马切拉·罗韦纳 / 利维娅·文图里尼 / 佩特罗·塞卡雷利 / 乔瓦娜·加利 / 古斯塔沃·吉奥基 / 亚米·卡马德瓦 / 意大利 / 费德里科·费里尼 / 108分钟 / 大路 / 剧情 / 费德里科·费里尼 Federico Fellini / 图里奥·皮内利 Tullio Pinelli / 恩尼奥·弗拉亚诺 Ennio Flaiano / 意大利语2025-02-19修改删除,2025-02-19,https://movie.douban.com/subject/1292719/,https://img3.doubanio.com/view/photo/s_ratio_poster/public/p2801472973.jpg,
安德烈·卢布廖夫 / Андрей Рублёв/ 安德鲁卢布列夫(台) / 安德烈·鲁勃廖夫,安德烈·卢布廖夫 / Андрей Рублёв/ 安德鲁卢布列夫(台) / 安德烈·鲁勃廖夫1966-12(苏联部分放映) / 1969-05(戛纳电影节) / 1971-12-24(苏联) / 安纳托利·索洛尼岑 / 伊万·拉皮科夫 / 尼古拉·格林科 / 尼古拉·谢尔盖耶夫 / 伊尔玛·拉乌什 / 尼古拉·布尔里亚耶夫 / 尤里·纳扎罗夫 / 尤里·尼库林 / 罗兰·贝科夫 / 伊琳娜·米罗什尼琴科 / 苏联 / 安德烈·塔可夫斯基 / 183分钟 / 205分钟(加长版) / 安德烈·卢布廖夫 / 传记 / 剧情 / 历史 / 战争 / 安德烈·康查洛夫斯基 Andrey Konchalovskiy / 安德烈·塔科夫斯基 Andrei Tarkovsky / 俄语 / 意大利语 / 鞑靼语2025-02-18修改删除,2025-02-18,https://movie.douban.com/subject/1298248/,https://img3.doubanio.com/view/photo/s_ratio_poster/public/p1209470213.jpg,
飞向太空 / Солярис/ 索拉里斯 / 星球疏拉利斯,飞向太空 / Солярис/ 索拉里斯 / 星球疏拉利斯[可播放]1972-03-20(苏联) / 纳塔莉亚·邦达尔丘克 / 多纳塔斯•巴尼奥尼斯 / 尤里·贾维特 / 弗拉迪斯拉夫·迪沃哲斯基 / 尼古拉·格林科 / 安纳托利·索洛尼岑 / 欧嘉·巴内特 / 苏联 / 安德烈·塔可夫斯基 / 167分钟 / 飞向太空 / 剧情 / 科幻 / 悬疑 / 安德烈·塔科夫斯基 Andrei Tarkovsky / 弗雷德里克·格伦斯廷 Fridrikh Gorenshtein / 史坦尼斯劳·莱姆 Stanislaw Lem / 俄语 / 德语2025-02-18修改删除,2025-02-18,https://movie.douban.com/subject/1300977/,https://img9.doubanio.com/view/photo/s_ratio_poster/public/p573091524.jpg,
伊万的童年 / Иваново детство/ 伊凡的少年时代(台) / 伊凡的童年,伊万的童年 / Иваново детство/ 伊凡的少年时代(台) / 伊凡的童年[可播放]1962-04-06(苏联) / 尼古拉·布尔里亚耶夫 / 瓦连京·祖布科夫 / 叶甫盖尼·扎里科夫 / 斯捷潘·克雷洛夫 / 尼古拉·格林科 / 季米特里·米柳坚科 / 瓦连京娜·玛利亚维娜 / 伊尔玛·拉乌什 / 安德烈·康查洛夫斯基 / 伊万·萨夫金 / 苏联 / 安德烈·塔可夫斯基 / 爱德华·阿巴洛夫 / 95分钟 / 伊万的童年 / 剧情 / 战争 / 安德烈·康查洛夫斯基 Andrey Konchalovskiy / 安德烈·塔科夫斯基 Andrey Tarkovskiy / Mikhail Papava / 弗拉基米尔·博戈莫诺夫 Vladimir Bogomolov / 俄语 / 德语2025-02-18修改删除,2025-02-18,https://movie.douban.com/subject/1294421/,https://img3.doubanio.com/view/photo/s_ratio_poster/public/p2360167553.jpg,
老爷车 / Gran Torino/ 经典老爷车(台) / 驱．逐(港),老爷车 / Gran Torino/ 经典老爷车(台) / 驱．逐(港)[可播放]2008-12-12(美国) / 克林特·伊斯特伍德 / 克里斯托弗·卡利 / 比·王 / 安蕾·荷 / 布莱恩·黑利 / 杰拉尔丁·休斯 / 德瑞玛·沃克 / 布莱恩·豪威  / 约翰·卡洛·林奇 / 斯科特·伊斯特伍德 / 美国 / 德国 / 克林特·伊斯特伍德 / 116 分钟 / 老爷车 / 剧情 / 尼克·申克 Nick Schenk / Dave Johannson / 英语 / 苗语2025-02-18修改删除,2025-02-18,https://movie.douban.com/subject/3026357/,https://img3.doubanio.com/view/photo/s_ratio_poster/public/p1155946363.jpg,
死囚越狱 / Un Condamné à mort s'est échappé/ 最后逃生 / 抵抗,死囚越狱 / Un Condamné à mort s'est échappé/ 最后逃生 / 抵抗[可播放]1956-11-11(法国) / 弗朗索瓦·莱特瑞尔 / 查尔斯·勒克莱恩 / 莫里斯·贝尔布洛克 / 罗兰·英纳德 / 雅克·埃尔托 / 罗杰·普朗肯 /  让-保罗·德吕莫 / 法国 / 罗伯特·布列松 / 101分钟 / 死囚越狱 / 剧情 / 战争 / 惊悚 / 安德烈·德维尼 André Devigny / 罗伯特·布列松 Robert Bresson / 法语 / 德语2025-02-18修改删除,2025-02-18,https://movie.douban.com/subject/1303562/,https://img9.doubanio.com/view/photo/s_ratio_poster/public/p1714790575.jpg,
大独裁者 / The Great Dictator/ The Dictator / El gran dictador,大独裁者 / The Great Dictator/ The Dictator / El gran dictador[可播放]1940-10-15 / 查理·卓别林 / 宝莲·高黛 / 杰克·奥克 / 雷金纳德·加德纳 / 邱岳峰 / 亨利·丹尼尔 / 卡特·德黑文 / 格蕾斯·海尔 / 比利·吉尔伯特 / 美国 / 查理·卓别林 / 125 分钟 / 大独裁者 / 喜剧 / 剧情 / 战争 / Charles Chaplin / 英语 / 世界语2025-02-16修改删除,2025-02-16,https://movie.douban.com/subject/1295646/,https://img9.doubanio.com/view/photo/s_ratio_poster/public/p1960167314.jpg,
醉乡民谣 / Inside Llewyn Davis/ 知音梦里行(港) / 关于勒维恩·戴维斯,醉乡民谣 / Inside Llewyn Davis/ 知音梦里行(港) / 关于勒维恩·戴维斯[可播放]2013-11-06(法国) / 2013-12-06(美国) / 奥斯卡·伊萨克 / 凯瑞·穆里根 / 约翰·古德曼 / 加内特·赫德兰 / F·默里·亚伯拉罕 / 贾斯汀·汀布莱克 / 斯塔克·桑德斯 / 亚当·德赖弗 / 伊桑·菲利普斯 / 罗宾·巴特利特 / 美国 / 英国 / 法国 / www.insidellewyndavis.com / 伊桑·科恩 / 乔尔·科恩 / 105分钟 / 醉乡民谣 / 剧情 / 音乐 / 乔尔·科恩 Joel Coen / 伊桑·科恩 Ethan Coen / 英语2025-02-16修改删除,2025-02-16,https://movie.douban.com/subject/6887029/,https://img9.doubanio.com/view/photo/s_ratio_poster/public/p2156418604.jpg,
血色将至 / There Will Be Blood/ 黑金企业(台) / 未血绸缪,血色将至 / There Will Be Blood/ 黑金企业(台) / 未血绸缪[可播放]2007-09-27(奇幻电影节) / 2008-01-25(美国) / 丹尼尔·戴-刘易斯 / 巴里·德尔·舍曼 / 保罗·F·汤普金斯 / 狄龙·弗雷泽尔 / 凯文·布雷斯纳汉 / 吉姆·麦司奇门 / Randall Carver / 保罗·达诺 / 塞伦·希德 / 詹姆斯·唐尼 / 美国 / 保罗·托马斯·安德森 / 158分钟 / 血色将至 / 剧情 / 保罗·托马斯·安德森 Paul Thomas Anderson / 厄普顿·辛克莱 Upton Sinclair / 英语 / 美国手语2025-02-16修改删除,2025-02-16,https://movie.douban.com/subject/1945780/,https://img3.doubanio.com/view/photo/s_ratio_poster/public/p2196432057.jpg,
佛罗里达乐园 / The Florida Project/ 欢迎光临梦幻乐园(港) / 欢迎光临奇幻城堡(台),佛罗里达乐园 / The Florida Project/ 欢迎光临梦幻乐园(港) / 欢迎光临奇幻城堡(台)[可播放]2017-05-22(戛纳电影节) / 2017-10-06(美国) / 布鲁克琳·普林斯 / 布丽娅·维纳特 / 威廉·达福 / 克里斯托弗·里维拉 / 梅拉·穆德 / 瓦莱丽亚·科托 / 乔希·奥利沃 / 艾登·马利克 / 爱德华·帕根 / 卡莱伯·兰德里·琼斯 / 美国 / floridaproject.movie/ / 肖恩·贝克 / 111分钟 / 佛罗里达乐园 / 剧情 / 儿童 / 肖恩·贝克 Sean Baker / 克里斯·贝格齐 Chris Bergoch / 英语2025-02-16修改删除,2025-02-16,https://movie.douban.com/subject/26778790/,https://img3.doubanio.com/view/photo/s_ratio_poster/public/p2496148493.jpg,
光荣之路 / Paths of Glory,光荣之路 / Paths of Glory[可播放]1957-12-20(英国) / 1957-12-25(美国) / 柯克·道格拉斯 / 拉尔夫·米克 / 阿道夫·门吉欧 / 乔治·麦克雷迪 / 韦恩·莫瑞斯 / 理查德·安德森 / 乔·托克尔 / 克里斯蒂安妮·库布里克 / Jerry Hausner / 彼得·卡佩尔 / 美国 / 斯坦利·库布里克 / 88分钟 / 光荣之路 / 剧情 / 战争 / 斯坦利·库布里克 Stanley Kubrick / 卡尔德·威灵汉姆 Calder Willingham / 吉姆·汤普森 Jim Thompson / Humphrey Cobb / 英语 / 德语 / 拉丁语2025-02-16修改删除,2025-02-16,https://movie.douban.com/subject/1292969/,https://img3.doubanio.com/view/photo/s_ratio_poster/public/p955392372.jpg,
神圣无花果之种 / دانه انجیر معابد/ 一念菩提(台) / 神圣无花果的种子,神圣无花果之种 / دانه انجیر معابد/ 一念菩提(台) / 神圣无花果的种子2024-05-24(戛纳电影节) / 2024-09-18(法国) / 米萨赫·扎雷 / 索海拉·戈莱斯塔尼 / 马赫萨·罗斯塔米 / 塞塔雷·马莱基 / 尼乌莎·阿赫希 / 雷萨·阿克拉吉拉德 / 希瓦·奥尔杜伊 / 阿米娜·马兹鲁伊·阿拉尼 / 伊朗 / 法国 / 德国 / 穆罕默德·拉索罗夫 / 168分钟 / 神圣无花果之种 / 剧情 / 犯罪 / 穆罕默德·拉索罗夫 Mohammad Rasoulof / 波斯语2025-02-13修改删除,2025-02-13,https://movie.douban.com/subject/36864625/,https://img1.doubanio.com/view/photo/s_ratio_poster/public/p2913829689.jpg,
少林足球/ Shaolin Soccer,少林足球/ Shaolin Soccer2001-07-12(中国香港) / 周星驰 / 吴孟达 / 谢贤 / 莫文蔚 / 张柏芝 / 黄一飞 / 田启文 / 林子聪 / 陈国坤 / 莫美林 / 中国香港 / 周星驰 / 113分钟 / 102分钟(香港) / 87分钟(美国) / 动作 / 喜剧 / 运动 / 周星驰 Stephen Chow / 曾谨昌 Kan-Cheung Tsang / 冯勉恒 Min Hun Fung / 冯志强 Chi Keung Fung / 卢薇 Wei Lu / 粤语2025-02-13修改删除,2025-02-13,https://movie.douban.com/subject/1297747/,https://img9.doubanio.com/view/photo/s_ratio_poster/public/p2507107765.jpg,
公民凯恩 / Citizen Kane/ 大国民(港/台),公民凯恩 / Citizen Kane/ 大国民(港/台)[可播放]1941-09-05(美国) / 奥逊·威尔斯 / 约瑟夫·科顿 / 多萝西·康明戈尔 / 阿格妮丝·摩尔海德 / 埃弗雷特·斯隆 / 哈里·香农 / 雷·柯林斯 / 鲁斯·沃里克 / 保罗·斯图尔特 / 美国 / 奥逊·威尔斯 / 119分钟 / 公民凯恩 / 剧情 / 悬疑 / Herman J. Mankiewicz / Orson Welles / 英语 / 意大利语2025-02-12修改删除,2025-02-12,https://movie.douban.com/subject/1292288/,https://img1.doubanio.com/view/photo/s_ratio_poster/public/p1474928139.jpg,
呼喊与细语 / Viskningar och rop/ 哭泣与低诉 / 哭泣与耳语,呼喊与细语 / Viskningar och rop/ 哭泣与低诉 / 哭泣与耳语[可播放]1972-12-21(瑞典) / 哈里特·安德森 / 卡莉·西尔万 / 英格丽·图林 / 丽芙·乌曼 / 安德斯·埃克 / 英加·吉尔 / 厄兰·约瑟夫森 / 赫宁·莫里岑 / Georg Årlin / 英格玛·伯格曼 / 瑞典 / 英格玛·伯格曼 / 91分钟 / 呼喊与细语 / 剧情 / 爱情 / 英格玛·伯格曼 Ingmar Bergman / 瑞典语 / 德语 / 丹麦语2025-02-12修改删除,2025-02-12,https://movie.douban.com/subject/1296147/,https://img1.doubanio.com/view/photo/s_ratio_poster/public/p2183935299.jpg,
芬妮与亚历山大 / Fanny och Alexander/ 芬妮与亚力山大 / Fanny and Alexander,芬妮与亚历山大 / Fanny och Alexander/ 芬妮与亚力山大 / Fanny and Alexander1982-12-17 / 克里斯蒂娜·阿道夫森 / 伯杰·阿斯特 / 佩妮娜·奥威 / 克里斯蒂安·阿尔姆格伦 / 卡尔·比尔奎斯特 / 阿克塞尔·迪贝里 / 艾伦·埃德渥 / 茜芙·埃里克斯 / 阿娃·弗洛灵 / 迈丽丝·格兰隆德 / 法国 / 瑞典 / 西德 / 英格玛·伯格曼 / 188分钟 / 312分钟(导演剪辑版) / 芬妮与亚历山大 / 剧情 / 英格玛·伯格曼 Ingmar Bergman / 瑞典语 / 德语 / 英语 / 意第绪语2025-02-12修改删除,2025-02-12,https://movie.douban.com/subject/1292784/,https://img1.doubanio.com/view/photo/s_ratio_poster/public/p1172714598.jpg,
牺牲 / Offret/ Le sacrifice / The Sacrifice,牺牲 / Offret/ Le sacrifice / The Sacrifice1986-05-09(瑞典) / 1986-09-06(多伦多电影节) / 厄兰·约瑟夫森 / 苏珊·弗利特伍德 / 艾伦·埃德渥 / 古德·吉斯拉德提尔 / 斯文·沃尔特 / 瓦莱莉·迈蕾丝 / 菲利帕·弗伦岑 / 汤米·谢尔奎斯特 / 瑞典 / 法国 / 英国 / 安德烈·塔可夫斯基 / 149分钟 / 牺牲 / 剧情 / 安德烈·塔科夫斯基 Andrei Tarkovsky / 瑞典语 / 法语 / 英语2025-02-08修改删除,2025-02-08,https://movie.douban.com/subject/1294531/,https://img2.doubanio.com/view/photo/s_ratio_poster/public/p2925028671.jpg,
镜子 / Зеркало/ 写真 / Zerkalo,镜子 / Зеркало/ 写真 / Zerkalo1975-03-07(苏联) / 玛格丽特·捷列霍娃 / 因诺肯季·斯莫克图诺夫斯基 / 奥列格·扬科夫斯基 / 菲利普·扬科夫斯基 / 伊格纳特·丹尼尔采夫 / 尼古拉·格林科 / 阿拉·基米多娃 / 尤里·纳扎罗夫 / 安纳托利·索洛尼岑 / 亚历山大·米沙林 / 苏联 / 安德烈·塔可夫斯基 / 108 分钟 / 镜子 / 传记 / 剧情 / 历史 / 战争 / 亚历山大·米沙林 Aleksandr Misharin / 安德烈·塔科夫斯基 Andrei Tarkovsky / 俄语 / 西班牙语2025-02-06修改删除,2025-02-06,https://movie.douban.com/subject/1299248/,https://img3.doubanio.com/view/photo/s_ratio_poster/public/p2327630533.jpg,
大都会 / Metropolis/ 科学世界,大都会 / Metropolis/ 科学世界[可播放]1927-01-10(德国) / 阿弗莱德·阿贝尔 / 古斯塔夫·佛力施 / 鲁道夫·克莱恩-鲁格 / 弗里茨·拉斯普 / 西奥多·卢斯 / 布里吉特·赫尔姆 / 埃尔温·比斯万格 / 海因里希·乔治 / 德国 / 弗里茨·朗 / 153分钟 / 210分钟(德国初剪版) / 93分钟(德国重映版) / 114分钟(美国1927年剪辑版) / 123分钟(美国2002年修复版) / 80分钟(GiorgioMoroder版) / 150分钟(2010年修复版) / 大都会 / 剧情 / 科幻 / 特娅·冯·哈堡 Thea von Harbou / 无对白2025-02-04修改删除,2025-02-04,https://movie.douban.com/subject/1298107/,https://img3.doubanio.com/view/photo/s_ratio_poster/public/p906689323.jpg,
潜行者 / Сталкер/ Stalker,潜行者 / Сталкер/ Stalker1979-05(苏联) / 1980-05-13(戛纳电影节) / 亚历山大·凯伊达诺夫斯基 / 阿丽萨·弗雷因德利赫 / 安纳托利·索洛尼岑 / 尼古拉·格林科 / 纳塔利娅·阿布拉莫娃 / 费米·约尔诺 / E·科斯京 / 雷默·伦迪 / 苏联 / 安德烈·塔可夫斯基 / 162分钟 / 潜行者 / 剧情 / 科幻 / 悬疑 / 安德烈·塔科夫斯基 Andrei Tarkovsky / 阿尔卡季·斯特鲁加茨基 Arkadi Strugatsky / 鲍里斯·斯特鲁加茨基 Boris Strugatsky / 俄语2025-02-04修改删除,2025-02-04,https://movie.douban.com/subject/1295656/,https://img3.doubanio.com/view/photo/s_ratio_poster/public/p2327634482.jpg,
卡比利亚之夜 / Le notti di Cabiria/ 花街春梦(港) / 卡比莉亚之夜(台),卡比利亚之夜 / Le notti di Cabiria/ 花街春梦(港) / 卡比莉亚之夜(台)[可播放]1957-05-11(戛纳电影节) / 1957-10-03(意大利) / 朱丽叶塔·马西纳 / 弗朗索瓦·佩里埃 / 弗兰卡·马尔齐 / 多里安·格雷 / 阿尔多·西尔瓦尼 / 恩尼奥·吉罗拉米 / 马里奥·帕桑特 / 克里斯蒂安·塔索斯 / 阿梅德奥·纳扎里 / 詹尼·巴吉诺 / 意大利 / 法国 / 费德里科·费里尼 / 110分钟 / 117分钟(修复版) / 卡比利亚之夜 / 剧情 / 费德里科·费里尼 Federico Fellini / 恩尼奥·弗拉亚诺 Ennio Flaiano / 图里奥·皮内利 Tullio Pinelli / 皮埃尔·保罗·帕索里尼 Pier Paolo Pasolini / 布鲁内洛·龙迪 Brunello Rondi / 意大利语2025-02-02修改删除,2025-02-02,https://movie.douban.com/subject/1294781/,https://img1.doubanio.com/view/photo/s_ratio_poster/public/p2204675868.jpg,
偷自行车的人 / Ladri di biciclette/ 单车失窃记(台) / 单车窃贼,偷自行车的人 / Ladri di biciclette/ 单车失窃记(台) / 单车窃贼[可播放]1948-11-24(意大利) / 兰贝托·马乔拉尼 / 恩佐·斯泰奥拉 / 莉安拉·卡雷尔 / 吉诺·萨尔塔梅伦达 / 福斯托·圭尔佐尼 / 朱里奥巴蒂费里 / 南多·布鲁诺 / 梅莫·卡罗泰努托 / 赛尔乔·莱昂内 / 切柯·里索内 / 意大利 / 维托里奥·德西卡 / 89分钟 / 80分钟(DVD) / 偷自行车的人 / 犯罪 / 剧情 / 切萨雷·扎瓦蒂尼 Cesare Zavattini / 奥雷斯特·比安科利 Oreste Biancoli / 苏索·切基·达米科 Suso Cecchi d'Amico / 维托里奥·德西卡 Vittorio De Sica / 阿道夫·弗兰奇 Adolfo Franci / 盖拉尔多·盖拉尔迪 Gherardo Gherardi / 杰拉尔多·圭列里 Gerardo Guerrieri / 意大利语2025-02-02修改删除,2025-02-02,https://movie.douban.com/subject/1295873/,https://img3.doubanio.com/view/photo/s_ratio_poster/public/p759707912.jpg,
黄昏双镖客 / Per qualche dollaro in più/ 独行侠江湖伏霸(港) / 金钱与仇恨,黄昏双镖客 / Per qualche dollaro in più/ 独行侠江湖伏霸(港) / 金钱与仇恨[可播放]1965-12-18(意大利) / 克林特·伊斯特伍德 / 李·范·克里夫 / 吉安·马里亚·沃隆特 / 马里奥·布雷加 / 路易吉·皮斯蒂利 / 阿尔多·桑布雷利 / 克劳斯·金斯基 / 贝尼托·斯特凡内利 / 罗伯托·卡马迭尔 / 约瑟夫·埃格 / 意大利 / 西班牙 / 西德 / 赛尔乔·莱昂内 / 132分钟 / 黄昏双镖客 / 西部 / 赛尔乔·莱昂内 Sergio Leone / 富尔维奥·莫尔塞拉 Fulvio Morsella / 卢恰诺·温琴佐尼 Luciano Vincenzoni / 意大利语 / 英语2025-02-02修改删除,2025-02-02,https://movie.douban.com/subject/1295586/,https://img1.doubanio.com/view/photo/s_ratio_poster/public/p2191195219.jpg,
永恒和一日 / Μία αιωνιότητα και μία μέρα/ 一生何求(港) / 永远的一天(台),永恒和一日 / Μία αιωνιότητα και μία μέρα/ 一生何求(港) / 永远的一天(台)1998-05-23(戛纳电影节) / 布鲁诺·冈茨 / 伊莎贝拉·雷纳德 / 法布里齐奥·本蒂沃利奥 / 阿希莱亚斯·斯凯维斯 / Lazaros Andreou / 伊利斯·查特托尼欧 / Petros Fyssoun / Eleni Gerasimidou / 米哈利斯·扬纳托斯 / 泽弥斯·古苏里斯 / 法国 / 意大利 / 希腊 / 德国 / 西奥·安哲罗普洛斯 / 133分钟 / 永恒和一日 / 剧情 / 西奥·安哲罗普洛斯 Theodoros Angelopoulos / 托尼诺·格拉 Tonino Guerra / 帕特罗斯·马可瑞斯 Petros Markaris / 乔治·席尔瓦尼 Giorgio Silvagni / 希腊语 / 英语 / 意大利语2025-02-02修改删除,2025-02-02,https://movie.douban.com/subject/1293455/,https://img9.doubanio.com/view/photo/s_ratio_poster/public/p1391839595.jpg,
利益区域 / The Zone of Interest/ 兴趣之地 / 利害之畿,利益区域 / The Zone of Interest/ 兴趣之地 / 利害之畿[可播放]2023-05-19(戛纳电影节) / 2023-12-15(美国) / 克里斯蒂安·富里道尔 / 桑德拉·惠勒 / 约翰·卡特豪斯 / 拉尔夫·赫尔福特 / 弗雷娅·克罗伊茨卡姆 / 马克斯·贝克 / 伊摩根·蔻格 / 斯蒂芬妮·佩特罗维茨 / 拉尔夫·齐尔曼 / 玛丽·罗莎·提特言 / 美国 / 英国 / 波兰 / 乔纳森·格雷泽 / 105分钟 / 利益区域 / 剧情 / 历史 / 战争 / 马丁·艾米斯 Martin Amis / 乔纳森·格雷泽 Jonathan Glazer / 意第绪语 / 波兰语 / 德语2025-01-31修改删除,2025-01-31,https://movie.douban.com/subject/35169716/,https://img3.doubanio.com/view/photo/s_ratio_poster/public/p2899514583.jpg,
疯狂动物城2 / Zootopia 2/ 动物乌托邦2 / 优兽大都会2(港),疯狂动物城2 / Zootopia 2/ 动物乌托邦2 / 优兽大都会2(港)2025-11-26(美国/中国大陆) / 杰森·贝特曼 / 金妮弗·古德温 / 关继威 / 夏奇拉 / 昆塔·布伦森 / 福琼·费姆斯特 / 帕特里克·沃伯顿 / 伊薇特·尼科尔·布朗 / 安迪·萨姆伯格 / 大卫·斯特雷泽恩 / 美国 / 拜伦·霍华德 / 杰拉德·布什 / 疯狂动物城2 / 喜剧 / 犯罪 / 动画 / 悬疑 / 冒险 / 杰拉德·布什 Jared Bush / 英语2025-01-27修改删除,2025-01-27,https://movie.douban.com/subject/26817136/,https://img9.doubanio.com/view/photo/s_ratio_poster/public/p2925669666.jpg,
情书 / Love Letter/ When I Close My Eyes / Letters of Love,情书 / Love Letter/ When I Close My Eyes / Letters of Love[可播放]1995-03-25(日本) / 1999-03(中国大陆) / 2021-05-20(中国大陆重映) / 2025-05-20(中国大陆重映) / 中山美穗 / 丰川悦司 / 酒井美纪 / 柏原崇 / 范文雀 / 篠原胜之 / 铃木庆一 / 田口智朗 / 加贺麻理子 / 光石研 / 日本 / 岩井俊二 / 117分钟 / 情书 / 剧情 / 爱情 / 岩井俊二 Shunji Iwai / 日语2025-01-16修改删除,2025-01-16,https://movie.douban.com/subject/1292220/,https://img1.doubanio.com/view/photo/s_ratio_poster/public/p2648230660.jpg,
假面 / Persona/ 性格 / 人物,假面 / Persona/ 性格 / 人物[可播放]1966-10-18(瑞典) / 毕比·安德松 / 丽芙·乌曼 / 玛格丽塔·克罗克 / 古纳尔·布约恩施特兰德 / 约根·林德斯特伦 / 瑞典 / 英格玛·伯格曼 / 85分钟 / 假面 / 剧情 / 惊悚 / 英格玛·伯格曼 Ingmar Bergman / 瑞典语 / 英语2024-10-23修改删除,2024-10-23,https://movie.douban.com/subject/1294438/,https://img1.doubanio.com/view/photo/s_ratio_poster/public/p2507966309.jpg,
第七封印 / Det sjunde inseglet/ The Seventh Seal / 第七封印,第七封印 / Det sjunde inseglet/ The Seventh Seal / 第七封印[可播放]1957-02-16(瑞典) / 古纳尔·布约恩施特兰德 / 本特·埃切罗特 / 尼尔斯·波普 / 马克斯·冯·叙多夫 / 毕比·安德松 / 英加·吉尔 / 毛德·汉松 / 因加·朗格里 / 古内尔·林德布洛姆 / 贝蒂尔·安德贝里 / 瑞典 / 英格玛·伯格曼 / 96分钟 / 第七封印 / 剧情 / 奇幻 / 英格玛·伯格曼 Ingmar Bergman / 瑞典语 / 拉丁语2024-10-21修改删除,2024-10-21,https://movie.douban.com/subject/1293234/,https://img9.doubanio.com/view/photo/s_ratio_poster/public/p2021642865.jpg,
"让娜·迪尔曼 / Jeanne Dielman, 23 Quai du Commerce, 1080 Bruxelles/ 布鲁塞尔1080商业街23号让娜·迪尔曼 / 主妇日志(港)","让娜·迪尔曼 / Jeanne Dielman, 23 Quai du Commerce, 1080 Bruxelles/ 布鲁塞尔1080商业街23号让娜·迪尔曼 / 主妇日志(港)1975-05-14 / 德菲因·塞里格 / 亨利·斯多克 / 雅克·多尼奥-瓦克罗兹 / 香特尔·阿克曼 / 比利时 / 法国 / 香特尔·阿克曼 / 201分钟 / 让娜·迪尔曼 / 剧情 / 香特尔·阿克曼 Chantal Akerman / 法语2024-10-21修改删除",2024-10-21,https://movie.douban.com/subject/1868933/,https://img1.doubanio.com/view/photo/s_ratio_poster/public/p2506409538.jpg,
"德州巴黎 / Paris, Texas/ 巴黎，德州(台) / 德克萨斯州的巴黎","德州巴黎 / Paris, Texas/ 巴黎，德州(台) / 德克萨斯州的巴黎[可播放]1984-05-14(戛纳电影节) / 1984-09-14(法国) / 哈利·迪恩·斯坦顿 / 萨姆·贝瑞 / 伯恩哈德·维基 / 迪恩·斯托克维尔 / 奥萝尔·克莱芒 / 亨特·卡森 / 维娃 / 索科洛·瓦尔迪兹 / 娜塔莎·金斯基 / 汤姆·法雷尔 / 西德 / 法国 / 英国 / 美国 / 维姆·文德斯 / 145分钟 / 德州巴黎 / 剧情 / L·M·基特卡森 L.M. Kit Carson / 山姆·夏普德 Sam Shepard / 英语 / 西班牙语2024-10-20修改删除",2024-10-20,https://movie.douban.com/subject/1302061/,https://img9.doubanio.com/view/photo/s_ratio_poster/public/p2237305324.jpg,
柏林苍穹下 / Der Himmel über Berlin/ 欲望之翼(台) / Wings of Desire,柏林苍穹下 / Der Himmel über Berlin/ 欲望之翼(台) / Wings of Desire[可播放]1987-09-23(法国) / 布鲁诺·冈茨 / 索尔维格·多马尔坦 / 奥托·山德尔 / 科特·博伊斯 / 彼得·法尔克 / 尼克·凯夫 / 奇克·奥尔特加 / 西德 / 法国 / 维姆·文德斯 / 128分钟 / 柏林苍穹下 / 奇幻 / 剧情 / 爱情 / 维姆·文德斯 Wim Wenders / 彼得·汉德克 Peter Handke / 德语 / 英语 / 法语 / 土耳其语 / 西班牙语 / 希伯来语2024-10-20修改删除,2024-10-20,https://movie.douban.com/subject/1292504/,https://img1.doubanio.com/view/photo/s_ratio_poster/public/p792520149.jpg,
野草莓 / Smultronstället/ Wild Strawberries,野草莓 / Smultronstället/ Wild Strawberries[可播放]1957-12-26(瑞典) / 维克多·斯约斯特洛姆 / 毕比·安德松 / 英格丽·图林 / 古纳尔·布约恩施特兰德 / 尤兰·辛达尔 / 福尔谢·松德奎斯特 / 比约恩·比耶尔文斯塔姆 / 纳伊玛·维夫斯特兰德 / 古内尔·布罗斯特勒姆 / 耶特鲁德·弗里德 / 瑞典 / 英格玛·伯格曼 / 91分钟 / 野草莓 / 剧情 / 爱情 / 家庭 / 英格玛·伯格曼 Ingmar Bergman / 瑞典语 / 拉丁语2024-10-14修改删除,2024-10-14,https://movie.douban.com/subject/1293071/,https://img1.doubanio.com/view/photo/s_ratio_poster/public/p540202708.jpg,
诗无尽头 / Poesía sin fin/ 无尽诗篇(港) / 欢迎来到诗乐园(台),诗无尽头 / Poesía sin fin/ 无尽诗篇(港) / 欢迎来到诗乐园(台)[可播放]2016-05-14(戛纳电影节) / 2016-10-05(法国) / 亚当·佐杜洛夫斯基 / 布朗提思·佐杜洛夫斯基 / 莱安德鲁·托布 / 帕梅拉·弗洛雷斯 / 亚历桑德罗·佐杜洛夫斯基 / 卡洛琳卡尔森 / 伊藤郁女 / 菲利普·里奥 / 赫雷米亚斯·赫斯科维茨 / 阿多尼斯 / 智利 / 日本 / 法国 / 英国 / www.poesiasinfin.com / 亚历桑德罗·佐杜洛夫斯基 / 128分钟 / 诗无尽头 / 剧情 / 传记 / 奇幻 / 亚历桑德罗·佐杜洛夫斯基 Alejandro Jodorowsky / 西班牙语 / 法语 / 英语2024-10-06修改删除,2024-10-06,https://movie.douban.com/subject/26352306/,https://img1.doubanio.com/view/photo/s_ratio_poster/public/p2345544638.jpg,
圣山 / La montaña sagrada/ The Holy Mountain / The Sacred Mountain,圣山 / La montaña sagrada/ The Holy Mountain / The Sacred Mountain1973-05 / 亚历桑德罗·佐杜洛夫斯基 / 霍拉西奥·萨利纳斯 / 胡安·费拉拉 / 阿德里安娜·佩奇  / Burt Kleiner / Valerie Jodorowsky / Nicky Nichols / 理查德·鲁托夫斯基 / Luis Lomelí / Jacqueline Voltaire / 墨西哥 / 亚历桑德罗·佐杜洛夫斯基 / 116分钟 / 圣山 / 奇幻 / 冒险 / 亚历桑德罗·佐杜洛夫斯基 Alejandro Jodorowsky / 西班牙语 / 英语2024-10-06修改删除,2024-10-06,https://movie.douban.com/subject/1401905/,https://img9.doubanio.com/view/photo/s_ratio_poster/public/p2522449744.jpg,
活着/ 人生 / Lifetimes,活着/ 人生 / Lifetimes1994-05-17(戛纳电影节) / 1994-06-30(中国香港) / 葛优 / 巩俐 / 姜武 / 牛犇 / 郭涛 / 张璐 / 倪大红 / 肖聪 / 董飞 / 刘天池 / 中国大陆 / 中国香港 / 张艺谋 / 132分钟 / 剧情 / 历史 / 家庭 / 芦苇 Wei Lu / 余华 Hua Yu / 汉语普通话2024-05-06修改删除,2024-05-06,https://movie.douban.com/subject/1292365/,https://img3.doubanio.com/view/photo/s_ratio_poster/public/p2597919477.jpg,
地下 / Подземље/ 地下社会(台) / 没有天空的都市,地下 / Подземље/ 地下社会(台) / 没有天空的都市1995-04-01(南斯拉夫) / 米基·马诺伊洛维奇 / 拉扎尔·里斯托夫斯基 / 米里亚娜·约科维奇 / 斯拉夫科·什蒂马茨 / 恩斯特·施托兹 / Ras Rastoder / 米莱娜·帕夫洛维奇 / Anja Popovic / 博拉·托德洛维奇 / Mirsad Tuka / 南斯拉夫 / 法国 / 德国 / 保加利亚 / 捷克 / 匈牙利 / 英国 / 美国 / 埃米尔·库斯图里察 / 170 分钟 / 167 分钟(美国) / 320 分钟(导演剪辑版) / 地下 / 剧情 / 战争 / 杜赞·科瓦泽维奇 Dusan Kovacevic / 埃米尔·库斯图里卡 Emir Kusturica / 塞尔维亚语 / 德语 / 法语 / 英语 / 俄语2024-05-05修改删除,2024-05-05,https://movie.douban.com/subject/1292206/,https://img9.doubanio.com/view/photo/s_ratio_poster/public/p1833776334.jpg,
刺客聂隐娘/ 聂隐娘 / The Assassin,刺客聂隐娘/ 聂隐娘 / The Assassin[可播放]2015-05-21(戛纳电影节) / 2015-08-27(中国大陆) / 2015-08-27(中国香港) / 2015-08-28(中国台湾) / 舒淇 / 张震 / 周韵 / 妻夫木聪 / 阮经天 / 谢欣颖 / 倪大红 / 咏梅 / 雷镇语 / 许芳宜 / 中国台湾 / 中国大陆 / 中国香港 / 侯孝贤 / 107分钟 / 108分钟(日本) / 剧情 / 武侠 / 古装 / 阿城 A Cheng / 朱天文 Tien-wen Chu / 谢海盟 Haimeng Xie / 侯孝贤 Hsiao-hsien Hou / 裴铏 Xing Pei / 汉语普通话2024-04-27修改删除,2024-04-27,https://movie.douban.com/subject/2303845/,https://img1.doubanio.com/view/photo/s_ratio_poster/public/p2262306528.jpg,
秋日奏鸣曲 / Höstsonaten/ 秋天奏鸣曲 / 秋光奏鸣曲,秋日奏鸣曲 / Höstsonaten/ 秋天奏鸣曲 / 秋光奏鸣曲1978-10-08(瑞典) / 英格丽·褒曼 / 丽芙·乌曼 / 莱娜·尼曼 / 哈尔瓦德·比约克 / 玛丽安·阿米诺夫 / 古纳尔·布约恩施特兰德 / 厄兰·约瑟夫森 / 米米·波拉克 /  琳·乌尔曼 / 格奥尔格·洛克伯格 / 瑞典 / 西德 / 英国 / 英格玛·伯格曼 / 99 分钟 / UK: 92 分钟 / 秋日奏鸣曲 / 剧情 / 家庭 / 英格玛·伯格曼 Ingmar Bergman / 瑞典语 / 英语2024-04-13修改删除,2024-04-13,https://movie.douban.com/subject/1297268/,https://img3.doubanio.com/view/photo/s_ratio_poster/public/p2034707962.jpg,
处女泉 / Jungfrukällan/ The Virgin Spring / 处女泉,处女泉 / Jungfrukällan/ The Virgin Spring / 处女泉[可播放]1960-02-08(瑞典) / 马克斯·冯·叙多夫 / 贝吉塔·瓦尔堡 / 古内尔·林德布洛姆 / 贝吉塔·彼得松 / 阿克塞尔·迪贝里 / 托尔·伊塞达尔 / 艾伦·埃德渥 / 古德龙·布罗斯特 / 托尔·博龙 / Ove Porath / 瑞典 / 英格玛·伯格曼 / 89分钟 / 处女泉 / 犯罪 / 剧情 / 乌拉·伊萨克松 Ulla Isaksson / 瑞典语 / 德语2024-04-13修改删除,2024-04-13,https://movie.douban.com/subject/1293156/,https://img9.doubanio.com/view/photo/s_ratio_poster/public/p2186774515.jpg,
东京物语 / 東京物語/ 东京故事 / 东京纪行,东京物语 / 東京物語/ 东京故事 / 东京纪行[可播放]1953-11-03(日本) / 笠智众 / 原节子 / 杉村春子 / 东山千荣子 / 山村聪 / 香川京子 / 东野英治郎 / 中村伸郎 / 樱睦子 / 安部彻 / 日本 / 小津安二郎 / 136 分钟 / 东京物语 / 剧情 / 家庭 / 野田高梧 Kôgo Noda / 小津安二郎 Yasujirô Ozu / 日语2024-04-13修改删除,2024-04-13,https://movie.douban.com/subject/1291568/,https://img9.doubanio.com/view/photo/s_ratio_poster/public/p1925331564.jpg,
小武/ The Pickpocket / 一瞬の夢,小武/ The Pickpocket / 一瞬の夢1998-02-18(柏林电影节) / 王宏伟 / 郝鸿建 / 左百韬 / 中国香港 / 中国大陆 / 贾樟柯 / 108分钟 / 113分钟 / 剧情 / 贾樟柯 Zhangke Jia / 晋语 / 汉语普通话2024-03-31修改删除,2024-03-31,https://movie.douban.com/subject/1291851/,https://img2.doubanio.com/view/photo/s_ratio_poster/public/p2274317161.jpg,
恋恋风尘 / 戀戀風塵/ Dust in the Wind,恋恋风尘 / 戀戀風塵/ Dust in the Wind1986(中国台湾) / 1987-09-13(多伦多电影节) / 1987-10-15(中国香港) / 李天禄 / 辛树芬 / 王晶文 / 柯宇纶 / 陈淑芳 / 林钜 / 杨丽音 / 胡翔评 / 梅芳 / 林秀玲 / 中国台湾 / 侯孝贤 / 109分钟 / 恋恋风尘 / 剧情 / 爱情 / 吴念真 / 朱天文 Tien-wen Chu / 汉语普通话 / 粤语 / 闽南语2024-03-30修改删除,2024-03-30,https://movie.douban.com/subject/1292330/,https://img1.doubanio.com/view/photo/s_ratio_poster/public/p743473590.jpg,
特写 / کلوزآپ/ نمای نزدیک / Close-Up,特写 / کلوزآپ/ نمای نزدیک / Close-Up1990-02-01(伊朗曙光旬电影节) / 侯赛因·萨布齐恩 / 莫森·马克马尔巴夫 / 阿巴斯·基亚罗斯塔米 / 伊朗 / 阿巴斯·基亚罗斯塔米 / 98分钟 / 特写 / 犯罪 / 剧情 / 阿巴斯·基亚罗斯塔米 Abbas Kiarostami / 波斯语 / 阿塞拜疆语2024-03-27修改删除,2024-03-27,https://movie.douban.com/subject/1303521/,https://img9.doubanio.com/view/photo/s_ratio_poster/public/p2350715785.jpg,
摩托日记 / Diarios de motocicleta/ 哲古华拉少年日记(港) / 骑士日记,摩托日记 / Diarios de motocicleta/ 哲古华拉少年日记(港) / 骑士日记[可播放]2004-01-15(圣丹斯电影节) / 盖尔·加西亚·贝纳尔 / 罗德里戈·德拉·塞尔纳 / 梅赛黛斯·莫朗 / 吉安·皮埃尔·诺厄尔 / 米娅·麦斯特罗 / Ricardo Díaz Mourelle / 索菲亚·贝托洛托 / 卢卡斯·奥罗 / Oscar Alegre / 布兰登·克鲁兹 / 阿根廷 / 美国 / 智利 / 秘鲁 / 巴西 / 英国 / 德国 / 法国 / 沃尔特·塞勒斯 / 126 分钟 / 摩托日记 / 冒险 / 传记 / 剧情 / Jose Rivera / 奇楚亚语 / 西班牙语2024-03-24修改删除,2024-03-24,https://movie.douban.com/subject/1309015/,https://img3.doubanio.com/view/photo/s_ratio_poster/public/p466727772.jpg,
罗生门 / 羅生門/ Rashomon,罗生门 / 羅生門/ Rashomon[可播放]1950-08-26(日本) / 三船敏郎 / 京町子 / 森雅之 / 志村乔 / 千秋实 / 上田吉二郎 / 本间文子 / 加东大介 / 日本 / 黑泽明 / 88分钟 / 罗生门 / 剧情 / 犯罪 / 悬疑 / 黑泽明 Akira Kurosawa / 桥本忍 Shinobu Hashimoto / 芥川龙之介 Ryunosuke Akutagawa / 日语2024-03-24修改删除,2024-03-24,https://movie.douban.com/subject/1291879/,https://img2.doubanio.com/view/photo/s_ratio_poster/public/p1598883511.jpg,
影武者/ 影子武士 / Kagemusha,影武者/ 影子武士 / Kagemusha[可播放]1980-04-26(日本) / 仲代达矢 / 山崎努 / 萩原健一 / 根津甚八 / 大泷秀治 / 隆大介 / 油井昌由树 / 桃井薰 / 倍赏美津子 / 室田日出男 / 日本 / 美国 / 黑泽明 / 180分钟 / 159分钟(国际版) / 剧情 / 历史 / 战争 / 黑泽明 Akira Kurosawa / 井手雅人 Masato Ide / 日语2024-03-24修改删除,2024-03-24,https://movie.douban.com/subject/1303067/,https://img3.doubanio.com/view/photo/s_ratio_poster/public/p997945263.jpg,
七武士 / 七人の侍/ 七侠四义(港) / 七剑客(港),七武士 / 七人の侍/ 七侠四义(港) / 七剑客(港)[可播放]1954-04-26(日本) / 三船敏郎 / 志村乔 / 津岛惠子 / 岛崎雪子 / 藤原釜足 / 加东大介 / 木村功 / 千秋实 / 宫口精二 / 小杉义男 / 日本 / 黑泽明 / 207分钟 / 160分钟(国际版) / 150分钟(英国初版) / 190分钟(英国1991重映版) / 141分钟(美国初版) / 203分钟(美国重映版) / 七武士 / 动作 / 冒险 / 剧情 / 黑泽明 Akira Kurosawa / 桥本忍 Shinobu Hashimoto / 小国英雄 Hideo Oguni / 日语2024-03-24修改删除,2024-03-24,https://movie.douban.com/subject/1295399/,https://img9.doubanio.com/view/photo/s_ratio_poster/public/p2215886505.jpg,
侠女 / 俠女/ 灵山剑影 / A Touch of Zen,侠女 / 俠女/ 灵山剑影 / A Touch of Zen[可播放]1970-07-10(中国台湾) / 1971-11-18(中国香港) / 徐枫 / 石隽 / 白鹰 / 田鹏 / 曹健 / 苗天 / 张冰玉 / 薛汉 / 乔宏 / 林正英 / 中国台湾 / 中国香港 / 胡金铨 / 179分钟 / 200分钟(上下集) / 侠女 / 剧情 / 动作 / 武侠 / 古装 / 胡金铨 King Hu / 蒲松龄 Songling Pu / 汉语普通话2024-03-23修改删除,2024-03-23,https://movie.douban.com/subject/1306490/,https://img2.doubanio.com/view/photo/s_ratio_poster/public/p2249959791.jpg,
大佛普拉斯/ The Great Buddha+,大佛普拉斯/ The Great Buddha+2017-06-29(台北电影节) / 2017-10-13(中国台湾) / 庄益增 / 陈竹升 / 戴立忍 / 张少怀 / 陈以文 / 纳豆 / 丁国琳 / 李永丰 / 朱约信 / 雷婕熙 / 中国台湾 / 黄信尧 / 102分钟 / 剧情 / 喜剧 / 黄信尧 Hsin-yao Huang / 闽南语 / 汉语普通话2024-03-06修改删除,2024-03-06,https://movie.douban.com/subject/27059130/,https://img3.doubanio.com/view/photo/s_ratio_poster/public/p2505928032.jpg,
放大 / Blow-Up/ 春光乍泄(港) / 春光乍现(台),放大 / Blow-Up/ 春光乍泄(港) / 春光乍现(台)[可播放]1966-12-18(纽约首映) / 瓦妮莎·雷德格雷夫 / 莎拉·米尔斯 / 戴维·海明斯 / 约翰·卡索 / 简·伯金 / 吉莲·希尔斯 / 彼得·鲍勒斯 / 范若施卡·冯·兰朵夫 / 朱利安·沙格兰 / 克洛德·沙格兰 / 英国 / 意大利 / 米开朗基罗·安东尼奥尼 / 111分钟 / 放大 / 剧情 / 悬疑 / 惊悚 / 米开朗基罗·安东尼奥尼 Michelangelo Antonioni / 胡利奥·科塔萨尔 Julio Cortázar / 托尼诺·格拉 Tonino Guerra / 爱德华·邦德 Edward Bond / 英语2024-03-01修改删除,2024-03-01,https://movie.douban.com/subject/1310176/,https://img9.doubanio.com/view/photo/s_ratio_poster/public/p548426395.jpg,
饮食男女 / 飲食男女/ Eat Drink Man Woman,饮食男女 / 飲食男女/ Eat Drink Man Woman1994-05-13(戛纳电影节) / 1994-07-02(中国台湾) / 1994-08-03(美国) / 郎雄 / 杨贵媚 / 吴倩莲 / 王渝文 / 张艾嘉 / 归亚蕾 / 赵文瑄 / 陈昭荣 / 陈捷文 / 卢金城 / 中国台湾 / 美国 / 李安 / 124分钟 / 饮食男女 / 剧情 / 家庭 / 李安 Ang Lee / 王蕙玲 Hui-Ling Wang / 詹姆士·沙姆斯 James Schamus / 汉语普通话 / 闽南语 / 湖南话2024-02-10修改删除,2024-02-10,https://movie.douban.com/subject/1291818/,https://img2.doubanio.com/view/photo/s_ratio_poster/public/p1910899751.jpg,
大红灯笼高高挂/ Raise The Red Lantern / Épouses et concubines,大红灯笼高高挂/ Raise The Red Lantern / Épouses et concubines1991-09-10(威尼斯电影节) / 1991-12-18(意大利) / 巩俐 / 马精武 / 何赛飞 / 曹翠芬 / 周琦 / 孔琳 / 金淑媛 / 丁惟敏 / 初晓 / 崔志刚 / 中国大陆 / 中国香港 / 中国台湾 / 张艺谋 / 125 分钟 / 剧情 / 倪震 Zhen Ni / 苏童 Tong  Su / 汉语普通话2024-02-07修改删除,2024-02-07,https://movie.douban.com/subject/1293323/,https://img3.doubanio.com/view/photo/s_ratio_poster/public/p1254404823.jpg,
四百击 / Les quatre cents coups/ 四百下 / 胡作非为,四百击 / Les quatre cents coups/ 四百下 / 胡作非为[可播放]1959-05-04(戛纳电影节) / 1959-06-03(法国) / 让-皮埃尔·利奥德 / 克莱尔·莫里耶 / 阿尔贝·雷米 / 盖·德孔布勒 / 乔治·弗拉芒 / 弗朗索瓦·诺谢 / 塞尔热·莫阿蒂 / 吕克·安德烈厄 / 克里斯蒂安·布罗卡 / 克洛德·芒萨尔 / 法国 / 弗朗索瓦·特吕弗 / 99分钟 / 四百击 / 犯罪 / 剧情 / 弗朗索瓦·特吕弗 François Truffaut / 马塞尔·穆西 Marcel Moussy / 法语 / 英语2024-01-08修改删除,2024-01-08,https://movie.douban.com/subject/1300056/,https://img3.doubanio.com/view/photo/s_ratio_poster/public/p2191743027.jpg,
冬天的故事 / Conte d'hiver/ 人间四季冬 / 冬天故事,冬天的故事 / Conte d'hiver/ 人间四季冬 / 冬天故事[可播放]1992-01-29(法国) / 夏洛特·韦里 / 弗里德里克·范登德里舍 / 米歇尔·瓦莱蒂 / 赫尔菲里克 / 让-克洛德·比埃特 / 玛丽·里维埃 / 罗杰·杜马斯 / 达尼埃莱·莱布伦 / 戴安莱夫里耶 / 罗赛特 / 法国 / 埃里克·侯麦 / 114分钟 / 冬天的故事 / 剧情 / 爱情 / 埃里克·侯麦 Éric Rohmer / 法语2023-12-31修改删除,2023-12-31,https://movie.douban.com/subject/1293388/,https://img3.doubanio.com/view/photo/s_ratio_poster/public/p1665123572.jpg,
春光乍泄 / 春光乍洩/ 一起快乐 / Happy Together,春光乍泄 / 春光乍洩/ 一起快乐 / Happy Together1997-05-17(戛纳电影节) / 1997-05-30(中国香港) / 张国荣 / 梁朝伟 / 张震 / 格利高里·戴顿 / 中国香港 / 日本 / 韩国 / 王家卫 / 96分钟 / 春光乍泄 / 剧情 / 爱情 / 同性 / 王家卫 Kar Wai Wong / 粤语 / 汉语普通话 / 西班牙语2023-08-03修改删除,2023-08-03,https://movie.douban.com/subject/1292679/,https://img2.doubanio.com/view/photo/s_ratio_poster/public/p465939041.jpg,
上帝之城 / Cidade de Deus/ 无主之城(港) / 无法无天(台),上帝之城 / Cidade de Deus/ 无主之城(港) / 无法无天(台)2002-05-18(戛纳电影节) / 2002-08-30(巴西) / 亚历桑德雷·罗德里格斯 / 莱安德鲁·菲尔米诺 / 菲利佩·哈根森 / 道格拉斯·席尔瓦 / 乔纳森·哈根森 / 马修斯·纳克加勒 / 塞乌·乔奇 / 艾莉丝·布拉加 / 保罗·林斯 / 图莱·皮克 / 巴西 / 法国 / 费尔南多·梅里尔斯 / 卡蒂亚·伦德 / 130分钟 / 上帝之城 / 犯罪 / 剧情 / 保罗·林斯 Paulo Lins / 布罗里欧·曼托伐尼 Bráulio Mantovani / 葡萄牙语2023-07-03修改删除,2023-07-03,https://movie.douban.com/subject/1292208/,https://img1.doubanio.com/view/photo/s_ratio_poster/public/p455677490.jpg,
