DIRECTORS,LABEL
彼得·惠特莫尔,
陈凯歌,
尼克·莫里斯,
大森贵弘/出合小都美,
史蒂文·斯皮尔伯格,文艺作者
富兰克林·沙夫纳,
艾伦·吉布森,
大森贵弘/出合小都美,
西德尼·吕美特,
黄建新/杨亚洲,
马可·图利奥·吉奥达纳,
谢添,
迈克尔·恩格勒,
丹尼·博伊尔,商业主流
宫崎骏,动画导演
万籁鸣/唐澄,
查理·卓别林,
埃德·拜,
大森贵弘,
长滨博史,
长滨博史,
王昕/董易,
神山健治,
刘镇伟,文艺作者
刘伟强/麦兆辉,
张艺谋,商业主流
弗朗西斯·福特·科波拉,大师派
赛尔乔·莱昂内,
马基德·马基迪,
小津安二郎,大师派
高志森,
恩斯特·刘别谦,
格雷厄姆·莱恩汉,
桑弧,
神山健治,
王昕,
,
大地丙太郎,
严敏 Min Yan/任静,
加布里埃莱·穆奇诺,
宫崎骏,动画导演
盖·里奇,
罗曼·波兰斯基,
卡尔·蒂贝茨,
李廷香,
押井守,
皮埃尔·布特龙,
埃米尔·库斯图里卡,
并木道子,
高松信司,
让-雅克·阿诺,
黑泽明,大师派
王君正,
彼得·霍顿,
成濑巳喜男,
须藤友德,
宫本理江子,
成濑巳喜男,
,
斯坦利·克雷默,
细田守,
涅提·蒂瓦里,
彼特·道格特/鲍勃·彼德森,
刘镇伟,文艺作者
威廉·惠勒,
大卫·芬奇,商业主流
罗杰·阿勒斯/罗伯·明可夫,
森淳一,
今敏,
森淳一,
严定宪/王树忱/徐景达,
秋昌旼,
押井守,
查理·卓别林,
艾斯林·沃什,
黑泽明,大师派
高畑秀太,
弗里茨·朗,
斯坦利·库布里克,大师派
西奥·安哲罗普洛斯,大师派
安德烈·塔可夫斯基,大师派
吴永刚,
巴斯特·基顿/克莱德·布鲁克曼,
山田尚子,
宫本幸裕/新房昭之,
星護,
陈国星,
英格玛·伯格曼,
,
,
芝山努/須田裕美子,
格雷姆·哈珀,
西奥·安哲罗普洛斯,大师派
贝拉·塔尔,大师派
青木荣,
史蒂文·斯皮尔伯格,文艺作者
王家卫,大师派
亚当·艾略特,
近藤喜文,
特瑞·乔治,
杰茜·尼尔森,
陆庆屹,
罗伯·莱纳,
凯文·科斯特纳,
维托里奥·德西卡,
汤浅政明,
黑泽明,大师派
克里斯蒂亚诺·博尔托内,
科奇·吉尔佐,
瀧沢進介,
英格玛·伯格曼,
詹姆斯·阿尔格/福特·毕比/保罗·萨特菲尔德/宾·沙普斯坦,
詹姆斯·阿尔格/盖坦··布里兹/保罗·布里兹/埃里克·古德伯格/唐·翰,
寺山修司,
浅香守生,
威廉·弗莱德金,
,
王小棣,
石黑升/河森正治,
小林正树,大师派
萨蒂亚吉特·雷伊,文艺作者
,
合田经郎,
奥里奥尔·保罗,
埃里克·布雷斯/J·麦基·格鲁伯,
姜炯哲,
卢卡·瓜达尼诺,
奉俊昊,
陈可辛,
北野武,文艺作者
大森贵弘,
保罗·格林格拉斯,
宫崎骏,动画导演
伦尼·阿伯拉罕森,
藤森雅也,
弗朗西斯·福特·科波拉,大师派
黑泽明,大师派
汤姆·麦卡锡,
杨德昌,大师派
是枝裕和,文艺作者
汤姆·摩尔,
莫娜·阿查切,
金炫锡,
斯坦利·库布里克,大师派
侯孝贤,大师派
黑泽明,大师派
詹姆斯·伊沃里,
吴贻弓,
高畑勋,动画导演
是枝裕和,文艺作者
钟彼得/川尻善昭/小池健/前田真宏/森本晃司/渡边信一郎,
武内英樹/川村泰祐,
大卫·安斯鲍夫,
比利·怀德,
杨德昌,大师派
让·贝克,
奥利佛·斯通,
杰伊·欧力瓦,
杨德昌,大师派
吴天明,
尼克·赫伦,
哈伊鲁丁·克尔瓦瓦茨,
埃利达尔·梁赞诺夫,
迈克尔·莱德福/马西莫·特洛伊西,
阿莱·阿布鲁,
费德里科·费里尼,大师派
尼克·赫伦,
让-保罗·勒沙努瓦,
弗兰克·帕维奇,
巴斯特·基顿,
,
乌贝托·帕索里尼,
山本映一,
何塞·路易斯·奎尔达,
山田尚子,
米克·杰克逊,
新房昭之,
大冢恭司/岩本仁志/渡部智明,
矢吹公郎,
西奥·安哲罗普洛斯,大师派
史蒂文·斯皮尔伯格,文艺作者
戈尔·维宾斯基,文艺作者
梅尔·吉布森,
迪恩·德布洛斯/克里斯·桑德斯,
程小东,
刘镇伟,文艺作者
彼特·道格特/大卫·斯沃曼/李·昂克里奇,
昆汀·塔伦蒂诺,商业主流
温子仁,
高畑勋,动画导演
巴瑞·莱文森,
让-马克·瓦雷,
是枝裕和,文艺作者
黄信尧,
朴勋政,
斯坦利·库布里克,大师派
雷德利·斯科特,商业主流
杜琪峰,
魏德圣,
水田伸生,
是枝裕和,文艺作者
希尔万·肖默,
弗兰克·马歇尔,
张松林,
希尔万·肖默,
何塞·帕迪里亚,
蒋雯丽,
约翰·马登,
伍思薇,
弗兰克·卡普拉,
山田洋次,
大卫·里恩,
尼基塔·米哈尔科夫,
比利·怀德,
乔·庄斯顿,
米尔科·曼彻夫斯基,
山田洋次,
曲建方,
杰斯珀·W·尼尔森,
伍迪·艾伦,
野中卓也,
山崎贵,
英格玛·伯格曼,
鲁伯特·古尔德,
扬·拉豪尔/雅各布·舒/宾-汉·图,
黑泽明,大师派
米歇尔·欧斯洛,
安德烈·塔可夫斯基,大师派
费德里科·费里尼,大师派
佐藤卓哉/滨崎博嗣/若林汉二,
尼基塔·米哈尔科夫,
阿内·拉鲁,
刘易斯·迈尔斯通,
原田真人,
伊藤真朱,
理查德·艾尔,
熊井启,
,
铃木雅之,
比利·怀德,
木下惠介,
小津安二郎,大师派
大卫·格里菲斯,
小津安二郎,大师派
吉田健,
埃米尔·库斯图里卡,
拉尔夫·巴克希,
詹姆斯·惠尔,
查理·卓别林,
阿巴斯·基亚罗斯塔米,大师派
高雄統子,
马塞尔·卡尔内,
马基德·马基迪,
吉田健,
查理·卓别林,
饺子,
唐·霍尔/克里斯·威廉姆斯,
丹尼·博伊尔/洛芙琳·坦丹,
克里斯托弗·诺兰,商业主流
王家卫,大师派
乔治·米勒,
史蒂文·斯皮尔伯格,文艺作者
安德鲁·尼科尔,
保罗·格林格拉斯,
保罗·哈吉斯,
爱德华·兹威克,
罗伯·莱纳,
雷德利·斯科特,商业主流
艾伦·帕克,
克林特·伊斯特伍德,
王竞,
费利普·弥勒,
哈罗德·雷米斯,
高畑勋,动画导演
阿莉切·罗尔瓦赫尔,
奥逊·威尔斯,
诺夫·舒贝尔,
西德尼·波拉克,
克林特·伊斯特伍德,
迈克尔·哈内克,文艺作者
阿尔弗雷德·希区柯克,
北野武,文艺作者
颂裕·素玛戈南/尼提瓦·塔拉吞/维塔亚·东俞扬/埃迪森·特斯利卡森,
石井裕也,
侯孝贤,大师派
西德尼·吕美特,
马丁·赞里维特,
亚历山大·佩恩,
成田岳,
黑泽明,大师派
杨德昌,大师派
丹尼斯·维伦纽瓦,商业主流
威廉·惠勒,
吕克·雅盖,
巴里·索南菲尔德,文艺作者
戚健,
巴巴拉·威尔希尔,
凯利·阿斯博瑞/罗娜·库克,
安德烈·塔可夫斯基/爱德华·阿巴洛夫,
谢尔盖·爱森斯坦,
布拉德·伯德,
大卫·休·琼斯,
阿方索·卡隆,文艺作者
星护,
约瑟夫·L·曼凯维奇,
拉杜·米哈伊列亚努,
乔治·罗伊·希尔,
沟口健二,大师派
冲浦启之,
阿巴斯·基亚罗斯塔米,大师派
伍迪·艾伦,
尼亚尔·迈克考米克,
斯坦利·库布里克,大师派
吉姆·贾木许,文艺作者
洼冈俊之,
张之亮,
菲利普·施特尔茨尔,
水岛努,
山田洋次,
濑下宽之/安藤裕章,
阿涅斯·瓦尔达,大师派
亚历桑德罗·佐杜洛夫斯基,
泰勒·海克福德,
山田洋次,
堤幸彦,
冈本喜八,
理查德·艾尔,
石挥,
堤幸彦,
罗伯特·德尼罗,
约翰·休斯顿,
维克多·艾里斯,
萝拉·多尔伦,
森田芳光,
黑泽明,大师派
芝山努,
托比·海恩斯,
,
贝纳尔多·贝托鲁奇,大师派
路易斯·布努埃尔,
,
木下惠介,
桑杰·里拉·彭萨里,
维托里奥·德西卡,
万籁鸣/万古蟾,
安藤真裕,
茂文·勒鲁瓦,
尼克·卡萨维茨,
汤姆·提克威,
史蒂芬·戴德利,
徐克,
王家卫,大师派
阿方索·卡隆,文艺作者
邓肯·琼斯,
米歇尔·贡德里,
多洛塔·科别拉/休·韦尔什曼,
金永卓,
杜琪峰,
袁建滔,
约翰·李·汉考克,
张艺谋,商业主流
矢口史靖,
史蒂芬·戴德利,
弗朗索瓦·欧容,
内田贤治,
让-皮埃尔·热内,文艺作者
F·加里·格雷,
斯坦利·库布里克,大师派
杜琪峰,
金基德,
托尼·凯耶,
霍建起,
关锦鹏,文艺作者
康大奎,
石川淳一,
佩德罗·阿莫多瓦,文艺作者
赖声川,
瓦里丝·侯赛因,
尼克·卡萨维茨,
崔·帕克,
武内英樹,
詹姆斯·加特纳,
费德里科·费里尼,大师派
文森特·加洛,
堤幸彦,
维姆·文德斯,文艺作者
土井裕泰,
张杨,
米开朗基罗·安东尼奥尼,文艺作者
张勋,
罗伯特·斯文克,
李沧东,
艾米利奥·艾斯特维兹,
巴瑞·莱文森,
史蒂芬·海伦伯格/马克·奥斯本,
比利·怀德,
杰伊·欧力瓦,
耶利米·S·谢奇克,
西河克己,
袁牧之,
雷米·贝占松,
昆汀·塔伦蒂诺,商业主流
理查德·拉·格拉文斯,
蒂姆·麦肯莱斯,
三木聪,
黑泽明,大师派
大卫·里恩,
胡金铨,
弗拉基米尔·缅绍夫,
侯孝贤,大师派
马丁·布莱斯特,
岸善幸,
陈果,
安德烈·塔可夫斯基,大师派
尔冬升,
三谷幸喜,
肯·安纳金/安德鲁·马顿/伯恩哈德·维基/达里尔·F·扎努克,
理查德·阿滕伯勒,
汤姆·沙迪亚克,
近藤光,
诺曼·杰威森,
高雄统子,
扬·特洛尔,
大塚恭司,
敕使河原宏,
森田芳光,
德里克·贾曼,
亚历桑德罗·佐杜洛夫斯基,
小池健,
埃兰·德万 (Allan Dwan),
陈玉勋,
斯蒂芬·赫瑞克,
吉洛·彭泰科沃,
肖娜·奥尔巴赫,
让-皮埃尔·梅尔维尔,大师派
浅香守生,
雅克·范·多梅尔,
福富博,
芝山努,
石原立也,
巴克迪亚·库唐纳扎洛夫,
王童,
理查德·莱斯特,
卡洛斯·绍拉,
比利·怀德,
新房昭之/尾石达也,
前田真宏/中泽一登/大平晋也/田中达之/森本晃司,
,
杨·史云梅耶,
成濑巳喜男,
新海诚,动画导演
延尚昊,
邓肯·琼斯,
克里斯托弗·史密斯,
陈可辛,
宫崎骏,动画导演
布拉德·伯德/简·皮克瓦,
关锦鹏,文艺作者
昆汀·塔伦蒂诺,商业主流
阿布戴·柯西胥,
罗泓轸,
马丁·斯科塞斯,文艺作者
崔洋一,
张艾嘉,文艺作者
程小东,
拉斯·冯·提尔,文艺作者
朱塞佩·托纳多雷,文艺作者
李安,大师派
贾樟柯,文艺作者
罗伯特·泽米吉斯,
高畑勋,动画导演
马克·伯顿/理查德·斯塔扎克,
李濬益,
约瑟夫·鲁斯纳克,
安东尼·马拉斯,
雷德利·斯科特,商业主流
游达志,
张婉婷,
张建亚,
诺拉·托梅,
卡伦·乔哈尔,
,
汤姆·摩尔/诺拉·托梅,
瑞恩·墨菲,
罗丝·博斯,
北野武,文艺作者
罗伯·莱纳,
荻上直子,
沃尔特·塞勒斯,
萨米埃尔·本谢特里,
马丁·斯科塞斯,文艺作者
罗曼·波兰斯基,
英格玛·伯格曼,
王颖,
赛尔乔·莱昂内,
恩斯特·马里施卡,
诺亚·鲍姆巴赫,
盖瑞·罗斯,
让-吕克·戈达尔,大师派
托马斯·卡特,
罗维,
米夏埃尔·赫尔比希,
大卫·里恩,
莉娜·亚达夫,
英格玛·伯格曼,
弗雷德·金尼曼,
泰勒·海克福德,
潘礼平/陆剑梅/刘玉洁,
让-皮埃尔·梅尔维尔,大师派
丹尼斯·霍珀,
拉斯·克劳梅,
埃里克·侯麦,大师派
路易斯·布努埃尔,
荣·伊斯特,
小林正树,大师派
洼冈俊之,
米开朗基罗·安东尼奥尼,文艺作者
科里夫·斯丹德斯,
伍迪·艾伦,
马俪文,
马克·布鲁蒙德,
降旗康男,
许鞍华,
沃尔特·朗/威廉·A·塞特尔,
西浦正记,
让-吕克·戈达尔,大师派
沈耀庭,
阿基·考里斯马基,
井内秀治,
埃里克·侯麦,大师派
胡金铨,
伊丹十三,
吉姆·罗斯·斯图尔特,
雅克·范·多梅尔,
埃里克·侯麦,大师派
约翰·斯特奇斯,
克洛德·勒卢什,
弗朗索瓦·特吕弗,大师派
黑泽明,大师派
雅克·塔蒂,文艺作者
埃里克·侯麦,大师派
维克多·萨尔瓦,
让·雷诺阿,
杨·史云梅耶,
霍华德·齐耶夫,
伍迪·艾伦,
陈坤厚,
芝山努,
菲利普·里奥雷,
萨布,
武本康弘,
文森特·明奈利/乔治·库克,
小津安二郎,大师派
新房昭之/尾石达也,
皮亚托·杰米,
拉兹·卡普尔,
寺山修司,
,
克萨韦·施瓦岑贝格尔,
普特鹏·普罗萨卡·那·萨克那卡林/华森·波克彭,
周申/刘露,
斯里兰姆·拉格万,
新海诚,动画导演
布拉德·伯德,
丹尼斯·维伦纽瓦,商业主流
忻钰坤,
安德鲁·斯坦顿/李·昂克里奇,
楚克·萨克瑞科,
许鞍华,
尼尔·乔丹,
徐昂,
乔纳森·戴顿/维莱莉·法瑞斯,
乔·赖特,
克林特·伊斯特伍德,
西谷弘,
黄东赫,
高志森,
科斯汀·谢里丹,
昆汀·塔伦蒂诺,商业主流
南希·迈耶斯,
马克·韦布,
罗伯·莱纳,
武正晴,
安南德·图克尔,
弗兰克·威利,
韦斯·安德森,文艺作者
吴宇森,
安东·梅格尔季切夫,
格里高利·霍布里特,
泰勒·海克福德,
乔治·卢卡斯,
林岭东,
姜帝圭,
理查德·马昆德,
陈可辛,
罗曼·波兰斯基,
保罗·范霍文,
大森立嗣,
荻上直子,
尔冬升,
张杨,
格斯·范·桑特,
布莱恩·德·帕尔玛,
贾樟柯,文艺作者
李海准,
克莱德·杰洛尼米/威尔弗雷德·杰克逊/汉密尔顿·卢斯科,
陈朱煌,
沃尔克·施隆多夫,
达伦·阿伦诺夫斯基,
汉密尔顿·卢斯科/宾·沙普斯坦,
阿尔弗雷德·希区柯克,
王川/张钢/周洁,
伊利亚·卡赞,
李沧东,
罗德·拉里,
大根仁,
三谷幸喜,
侯孝贤,大师派
谢飞,
吉姆·贾木许,文艺作者
弗朗索瓦·欧容,
马修·沃楚斯,
田中亮,
叶伟信,
成岛出,
妮琪·卡罗,
约翰·施莱辛格,
亚历杭德罗·阿梅纳瓦尔,
安藤桃子,
艾伦·帕克,
卢克·迪昂,
岸善幸,
柯蒂斯·汉森,
亚历山大·西伯恩/伯努瓦·菲利,
卡罗尔·里德,
贝纳尔多·贝托鲁奇/克莱尔·德尼/迈克·菲吉斯/让-吕克·戈达尔/伊利·曼佐/迈克尔·莱德福/沃尔克·施隆多夫/伊斯特凡·萨博,
斯特凡·科曼达雷夫,
艾伦·J·帕库拉,
安迪·威尔逊,
竹中直人,
约翰·朗斯伯里/沃夫冈·雷瑟曼,
齐德·多尔里,
埃里克·侯麦,大师派
罗伯特·布列松,大师派
芹川有吾,
尚皮耶·亚莫斯,
彼特·纳斯,
犬童一心,
胡里奥·密谭,
桑杰·里拉·彭萨里,
北野武,文艺作者
乔治·库克,
阿努拉格·巴苏,
理查德·J·刘易斯,
周防正行,
莱奥·麦卡雷,
米开朗基罗·安东尼奥尼,文艺作者
约翰·福特,
小椋久雄/星护/铃木雅之/落合正幸,
克洛德·齐迪,
特瑞·琼斯/特瑞·吉列姆,
克里斯·哥伦布,
凯瑟琳·哈德威克,
法提赫·阿金,
萨姆·佩金帕,
伍迪·艾伦,
斯蒂芬·埃利奥特,
姜秀琼,
菅原伸太郎,
黑泽明,大师派
芝山努,
侯孝贤,大师派
林泰亨,
罗伯特·布列松,大师派
路易斯·布努埃尔,
今村昌平,大师派
芝山努,
克洛德·索泰,
仓内均,
佐藤纯弥,
押井守,
降旗康男,
阿基·考里斯马基,
,
大卫·巴特勒,
罗兰·约菲,
罗伯特·布列松,大师派
海法·曼苏尔,
让-丹尼尔·维哈吉,
罗内特·艾尔卡贝兹/施洛米·艾尔卡贝兹,
英格玛·伯格曼,
托尼·克莱格/罗伯茨·甘纳韦,
沟口健二,大师派
,
阿涅斯·瓦尔达,大师派
托马斯·温特伯格,文艺作者
笕昌也/植田泰史/木下高男/都築淳一,
罗伯托·罗西里尼,
西奥·安哲罗普洛斯,大师派
伊斯特凡·萨博,
兰德尔·克莱泽,
乔恩·费儒,
郭在容,
迈克尔·贝,
曹保平,
昆汀·塔伦蒂诺,商业主流
戈尔·维宾斯基,文艺作者
土井裕泰,
肖恩·利维,
新海诚,动画导演
朱里安·杰拉德,
伍仕贤,
内森·格雷诺/拜伦·霍华德,
让-雅克·阿诺,
汤姆·霍珀,
约翰·拉塞特/艾什·布兰农/李·昂克里奇,
安德烈斯·拜斯,
马克·福斯特,
詹姆斯·卡梅隆,
彭浩翔,
雷德利·斯科特,商业主流
阿方索·卡隆,文艺作者
程伟豪,
保罗·索伦蒂诺,大师派
张荣吉,
贝尼特·米勒,
戴维·汉德,
乔尔·科恩/伊桑·科恩,
张艾嘉,文艺作者
梅峰,
约翰·麦克蒂尔南,
菲利普·考夫曼,
尼克·卡萨维茨,
罗曼·波兰斯基,
冲浦启之,
潘文杰,
奥利佛·斯通,
陈木胜,
让-巴普蒂斯特·安德烈,
冯小宁,
亚历杭德罗·戈麦斯·蒙特维尔德,
侯孝贤,大师派
新海诚,动画导演
阿尔弗雷德·希区柯克,
维克多·弗莱明,
陈果,
阿瑟·佩恩,
米娅·汉森-洛夫,
姜炯哲,
吴宇森,
富兰克林·沙夫纳,
马丁·斯科塞斯,文艺作者
何平,
海琳·吉罗/托马斯·绍博,
丹尼尔·里贝罗,
约翰·克劳利,
保罗·托马斯·安德森,文艺作者
蒂姆·波顿,
莉莉·沃卓斯基/拉娜·沃卓斯基,
泽维尔·多兰,
佐藤纯弥,
李志毅,
杰伊·欧力瓦,
岩井俊二,文艺作者
迈克尔·曼,
万古蟾,
肯·洛奇,文艺作者
北野武,文艺作者
吉勒斯·米莫尼,
罗伯特·高洛斯,
陈伟文,
陈小娟,
许冠文,
理查德·弗莱彻/深作欣二/舛田利雄,
行定勋,
黄健中,
吉约姆·卡内,
三浦贵博,
威廉姆·H·梅西,
莎莉·波特,
原田真人,
西浦正记/叶山浩树,
罗伯特·Z·伦纳德,
尼古拉·瓦尼埃,
罗伯特·摩尔,
窪田崇,
西尔维斯特·史泰龙,
严定宪,
长尾武奈,
詹同,
苏里,
许冠文,
塚本连平,
克里斯·韦兹,
F·W·茂瑙,
乔治·罗伊·希尔,
吉姆·贾木许,文艺作者
维克多·萨尔瓦,
张作骥,
小乔治·提尔曼,
菲利普·里奥雷,
郑大圣,
李娜静,
米歇尔·欧斯洛,
罗曼·波兰斯基,
赵崇基,
,
罗伯特·奥尔德里奇,
罗伯特·布列松,大师派
长谷井宏纪,
刘山姆/劳伦·蒙哥马利,
森田芳光,
埃默里克·普雷斯伯格/迈克尔·鲍威尔,
彼得·博格,
托娃·马格努松,
罗贝尔·恩里科,
琳恩·拉姆塞,
弗兰克·奥兹,
,
新房昭之/尾石达也,
迈克尔·艾普特,
马丁·斯科塞斯,文艺作者
宁浩,
三木康一郎/星田良子/植田泰史/佐藤源太/木下高男,
卡罗莉内·林克,
山田洋次,
市川昆,
野村芳太郎,
哈尔·阿什贝,
阿布戴·柯西胥,
罗伊·安德森,文艺作者
阿巴斯·基亚罗斯塔米,大师派
奥托·普雷明格,
泷本智行,
罗伊·安德森,文艺作者
芝山努,
,
武藤信宏,
,
严浩,
迈克尔·卡顿-琼斯,
西德尼·波拉克,
西牧秀夫,
绪方明,
海科特·巴班克,
安德里亚·加西亚/维克多·马尔多纳多,
,
雷吉斯·瓦格涅,
,
威廉·惠勒,
查尔斯·马丁·史密斯,
迈克尔·卡顿-琼斯,
汤山邦彦,
理查德·布鲁克斯,
迈克·李,文艺作者
奥利佛·斯通,
伍迪·艾伦,
芝山努,
寺山修司,
张暖忻,
饶晓志,
九把刀,
庄文强,
曹保平,
陈国富/高群书,
道格·里曼,
鲁伯特·瓦耶特,
郑芬芬,
丹·斯坎隆,
斯坦利·库布里克,大师派
史蒂文·斯皮尔伯格,文艺作者
巴里·索南菲尔德,文艺作者
布拉德·伯德,
马克·奥斯本,
史蒂文·斯皮尔伯格,文艺作者
汤姆·提克威,
布莱恩·德·帕尔玛,
卡洛斯·沙尔丹哈,
麦克·特米尔/史蒂夫·马蒂诺,
保罗·金,
吴天明,
亚历杭德罗·阿梅纳瓦尔,
雷德利·斯科特,商业主流
萨姆·门德斯,
弗朗西斯·韦贝尔,
理查德·拉·格拉文斯,
巴伦·博·欧达尔,
马丁·麦克唐纳,
加布里埃莱·穆奇诺,
乔·庄斯顿,
彼得·勒文,
顾长卫,
乔治·卢卡斯,
亚历山大·雅丁,
A.R.目虏古多斯,
矢口史靖,
彼得·拉姆齐,
彼得·博格,
乔治·库克,
蜷川实花,
弗兰克·奥兹,
阿方索·戈麦斯-雷洪,
郑保瑞,
林爱华,
佐佐部清,
赵良骏,
托尼·斯科特,
罗志良,
克林特·伊斯特伍德,
新海诚,动画导演
李·丹尼尔斯,
莱奥·卡拉克斯,文艺作者
佩德罗·阿莫多瓦,文艺作者
罗曼·波兰斯基,
郝杰,
迈克·菲吉斯,
永井聪,
让-皮埃尔·热内,文艺作者
康佑硕,
迈克尔·哈内克,文艺作者
大森立嗣,
阿尔弗雷德·希区柯克,
河濑直美,文艺作者
罗曼·波兰斯基,
努里·比格·锡兰,文艺作者
黑泽清,文艺作者
大卫·林奇,文艺作者
莎拉·加芙隆,
西谷弘,
罗伯特·雷德福,
关口现,
陈俊彦,
弗朗索瓦·欧容,
弗朗索瓦·特吕弗,大师派
真田敦,
山田洋次,
吉姆·贾木许,文艺作者
杜奇奥·泰萨利,
拉斯·冯·提尔,文艺作者
达内尔·马丁,
埃里克·侯麦,大师派
铃木雅之,
陈果,
陈凯歌,
阿尔弗雷德·希区柯克,
阿托姆·伊戈扬,
弗朗西斯·福特·科波拉,大师派
查理·考夫曼,
卓娅·阿赫塔尔,
,
埃里克·侯麦,大师派
胡金铨,
罗斯·卡兹,
托尼·斯科特,
让-皮埃尔·达内/吕克·达内,
达斯汀·霍夫曼,
伍迪·艾伦,
斯科特·希克斯,
高志森,
莱克茜·亚历山大,
寺本幸代,
,
弗朗西斯·福特·科波拉,大师派
乔治·巴勒菲,
西恩·马提亚斯,
王颖,
弗兰克·马歇尔,
斯图尔特·拉菲尔,
麦克·巴克,
比尔·普莱姆顿,
李俊/杨光远,
黑泽清,文艺作者
米密·莱德,
比利·鲍伯·松顿,
,
佩德罗·阿莫多瓦,文艺作者
阿巴斯·基亚罗斯塔米,大师派
贾法·帕纳西,大师派
艾伦·科勒林,
比尔·帕克斯顿,
汤姆·麦卡锡,
川尻善昭/林太郎/大友克洋,
切瓦特·埃加福特,
欧文·赫利,
巴瑞·莱文森,
莱奥·卡拉克斯,文艺作者
谢晋,
张暖忻,
马丁·斯科塞斯,文艺作者
雅克-雷米·杰瑞德,
伍迪·艾伦,
朱利安·内尔,
侯孝贤/万仁/曾壮祥,
斯坦利·多南,
阿斯哈·法哈蒂,大师派
堤幸彦,
张华坤/陈以文,
斯图尔特·罗森博格,
亚历桑德罗·佐杜洛夫斯基,
八角哲夫,
亚伦·霍瓦斯/皮得·里达·米切尔,
张涛,
雷米·沙耶,
奈吉·柯尔,
泽井信一郎,
胡金铨,
周晓文,
莎米拉·玛克玛尔巴夫,
扬·斯维拉克,
让·维果,
卡罗尔·里德,
林赛·安德森,
尼古拉斯·加斯纳,
,
沟口健二,大师派
让-皮埃尔·梅尔维尔,大师派
佐藤东弥,
海涛,
雅克斯·波斯纳德,
赵焕章,
罗德里戈·加西亚,
林超贤,
大卫·弗兰科尔,
弗朗西斯·劳伦斯,
宁浩,
刘伟强,
八木龙一/山崎贵,
王晶,
J·J·艾布拉姆斯,
冯小刚,
深作欣二,
宫崎骏,动画导演
森田宏幸,
崔东勋,
娄烨,青年独立
亚利桑德罗·冈萨雷斯·伊纳里图,
新城毅彦,
福泽克雄,
拉斯·霍尔斯道姆,
史蒂夫·班德莱克,
皮埃尔·莫瑞尔,
顾长卫,
胡波,
奥利佛·斯通,
诺拉·艾芙隆,
马丁·斯科塞斯,文艺作者
徐克,
丹尼斯·维伦纽瓦,商业主流
吉尔·约格尔,
杜琪峰,
娄烨,青年独立
徐克,
温子仁,
杜琪峰,
彭浩翔,
许鞍华,
袁建滔,
大卫·马肯兹,
徐克,
德克斯特·弗莱彻,
梅尔·史密斯,
菲利普∙德∙肖伏隆,
马克·卡罗/让-皮埃尔·热内,
乔纳·马科维茨,
布莱特·拉特纳,
约翰·马登,
布兰达∙查普曼/西蒙·威尔斯,
岩井俊二,文艺作者
北野武,文艺作者
乔纳森·莫斯托,
唐英奇/徐达/吴健海,
棚田由纪,
詹姆斯·曼高德,
佐藤敬一/川村泰,
朗·霍华德,
安迪·戈达德,
贾森·雷特曼,
让·德拉努瓦,
王全安,
詹姆斯·卡梅隆,
游达志,
费尔南多·梅里尔斯,文艺作者
西恩·迈德斯,
施特凡·柏拉/马赛厄斯·马尔修,
陈可辛/李志毅,
克雷格·迈克科雷肯,
李焕庆,
何玉门,
安东尼·威勒,
亨利·亚历克斯·鲁宾,
阿尔弗雷德·希区柯克,
徐立功/尹祺,
玛嘉·莎塔琵/文森特·帕兰德,
管虎,
曹保平,
森淳一,
亚利桑德罗·冈萨雷斯·伊纳里图,
加里·弗莱德,
史蒂夫·麦奎因,文艺作者
贾法·帕纳西,大师派
迈克·李,文艺作者
谢米姆·萨尔弗,
胡进庆/周克勤/葛桂云,
本广克行,
刘蕙仪,
连奕琦,
侯孝贤,大师派
汤姆·麦卡锡,
赖舒·彼查,
杰伊·欧力瓦/伊桑·斯波尔丁,
兰道尔·华莱士,
,
埃米尔·库斯图里卡,
西德尼·波拉克,
特瑞·琼斯,
,
热拉尔·科尔比奥,
西尔维斯特·史泰龙,
関和亮,
汤姆·提克威,
雷吉斯·瓦格涅,
王家乙,
王好为,
李志毅,
是枝裕和,文艺作者
斯科特·希克斯,
蒂姆·罗宾斯,
斯特凡·奥比尔/文森特·帕塔尔,
妮琪·卡罗,
西浦正记,
吉田康弘,
英格玛·伯格曼,
森本晃司/森田修平/大友克洋/安藤裕章/角木肇,
堤幸彦,
查尔斯·劳顿,
乔·舒马赫,
杰里米·洛夫林,
理查德·隆克瑞恩,
史蒂夫·伦特,
,
罗伯特·雷德福,
富野由悠季,
中村义洋,
谢飞,
马尼·沙恩卡尔,
堤幸彦,
潘礼平/邹江/尹俊欢,
奥逊·威尔斯,
安纳托尔·李维克,
扎布·布雷特曼,
雅克·塔蒂,文艺作者
艾伦·帕克,
西川美和,文艺作者
埃里克斯·肯德里克,
布拉德利·雷蒙德,
马克·罗特蒙德,
押井守,
克洛德·夏布洛尔,
弗朗索瓦·特吕弗,大师派
特拉维斯·费恩,
米拉·奈尔,
克洛德·贝里,
瞿友宁,
萨拉·波莉,
胡雄华,
王家卫,大师派
阿方索·卡隆,文艺作者
张艺谋,商业主流
曹保平,
弗兰克·德拉邦特,
李宰汉,
刘伟强/麦兆辉,
布拉德·伯德,
迈克尔·贝,
李沧东,
贾樟柯,文艺作者
昆汀·塔伦蒂诺,商业主流
文森佐·纳塔利,
安德鲁·亚当森/维基·詹森,
乔·舒马赫,
姜炯哲,
赵圣熙,
布拉德·塞伯宁,
萨基特·乔杜里,
薛晓路,
刘镇伟,文艺作者
伍迪·艾伦,
巴兹·鲁赫曼,
盖瑞·马歇尔,
程小东,
金成洙,
朱延平,
宫崎吾朗,
托马斯·阿尔弗莱德森,
徐克,
杜家毅,
萨布,
李铉升,
乔丹·斯科特,
乔治·卢卡斯,
张艺谋,商业主流
三池崇史,文艺作者
格伦·费卡拉/约翰·里夸,
乔瑟琳·穆尔豪斯,
儿玉兼嗣,
史蒂文·斯皮尔伯格,文艺作者
马丁·布莱斯特,
庾河,
乔尔·科恩,
安东尼·福奎阿,
张婉婷,
胡金铨/徐克/李惠民/程小东,
王竞,
王川,
金成勋,
于仁泰,
许秦豪,
格雷格·乔丹,
朴赞郁,
大卫·弗兰科尔,
大卫·道金,
加雷斯·埃文斯,
赵小溪,
罗永昌,
雷德利·斯科特,商业主流
北野武,文艺作者
朱利安·施纳贝尔,
戴思杰,
关信辉,
大卫·O·拉塞尔,
马特·罗斯,
陈可辛,
杨子,
罗曼·波兰斯基,
梅尔·吉布森,
吴宇森,
松山博昭,
张艾嘉,文艺作者
乌兰塔娜,
杰梅奈·克莱门特/塔伊加·维迪提,
布莱恩·派西维尔,
乔尔·科恩,
布拉德利·雷蒙德,
石田祐康,
斯戴芬·卢佐维茨基,
大卫·阿耶,
伍迪·艾伦,
蒂尼斯·艾葛温,
李安,大师派
王朔,
陈凯歌,
托德·海因斯,
钮承泽,
胡雄华/沈祖慰,
泰德·戴米,
迈克尔·克里斯托弗,
李焕庆,
竹园元,
詹姆斯·庞索特,
卡雷尔·赖兹,
彼得·威尔,
布莱恩·海尔格兰德,
安东·寇班,
泽维尔·多兰,
罗兰·艾默里奇,
韦斯·安德森,文艺作者
阿巴斯·基亚罗斯塔米,大师派
中野量太,
克里斯汀·丹米尔斯/弗兰克·叶根吉,
泰利·茨威戈夫,
陈木胜,
吴天明,
罗曼·波兰斯基,
姜锡范,
伊利亚·卡赞,
,
徐克,
罗伯·莱纳,
斯坦利·多南,
安迪·汉密尔顿/盖·简金,
全高云,
托尼·戈德温,
李玉,
杰伊·欧力瓦,
山田洋次,
潘文杰,
路学长,
孙敏,
托尼·斯科特,
乔治·克鲁尼,
夏秉钧,
佩德罗·阿莫多瓦,文艺作者
卡拉·西蒙·皮坡,
林岭东,
丰田利晃,
阿尔弗雷德·希区柯克,
杨德昌,大师派
托德·布朗宁,
韦西·沙赞那庭,
杨·史云梅耶,
山口雅俊,
阿基·考里斯马基,
大卫·格里菲斯,
艾伦·J·帕库拉,
詹同,
让-皮埃尔·达内/吕克·达内,
埃里克·侯麦,大师派
植田泰史/长江俊和/土方政人/佐藤源太/星护,
儿玉兼嗣,
让-雅克·阿诺,
李·塔玛霍瑞,
休·威尔逊,
乌妮·勒孔特,
李俊/蔡继渭/韦廉/杨光远/景慕逵/翟俊杰,
伊达勇登,
河野圭太,
让-吕克·戈达尔,大师派
亚历山大·佩恩,
埃里克·侯麦,大师派
麦子善,
查尔斯·马丁·史密斯,
妮琪·卡罗,
奥利佛·斯通,
纳西尔·侯赛因,
巴兹·库里克,
王柏荣,
比利·怀德,
雷内·克莱尔,
迈克尔·温特伯顿,
史蒂芬·布塞,
,
,
成白烨,
郑则仕,
樱井弘明,
罗杰·唐纳森,
伍迪·艾伦,
,
,
大卫·扎克/杰瑞·扎克/吉姆·艾布拉姆斯,
,
基兰·饶,
迈克·尼科尔斯,
乔治·米勒,
桑原智,
,
伍夫根雷德门 (Wolfgang Reitherman),
阿基·考里斯马基,
,
迈克·李,文艺作者
沈西苓,
,
工藤进,
大卫·叶茨,
罗兰·艾默里奇,
巴兹·鲁赫曼,
肯·卡皮斯,
沙恩·布莱克,
周杰伦,
丁晟,
马丁·斯科塞斯,文艺作者
黄毅瑜,
林诣彬,
乔恩·费儒,
陈嘉上,
巴里·库克/托尼·班克罗夫特,
西娅·夏罗克,
埃里克·达尼尔/汤姆·麦格拉思,
林超贤,
冯小刚,
王晶,
弗朗西斯·劳伦斯,
弗朗西斯·福特·科波拉,大师派
冯小刚,
史蒂文·斯皮尔伯格,文艺作者
大谷健太郎,
汤姆·麦格拉思,
麦浚龙,
罗德里戈·科尔特斯,
西恩·埃利斯,
王小帅,
乔恩·阿米尔,
诺拉·艾芙隆,
刘伟强,
安南德·图克尔,
德里克·斯安弗朗斯,
约翰·拉塞特/安德鲁·斯坦顿,
凯文·格劳特,
成龙,
拉斯·冯·提尔,文艺作者
阿方索·阿雷奥,
吉拉尔·皮雷,
迈克尔·贝,
,
许鞍华,
达雷尔·鲁尼/罗布·拉杜卡,
克林特·伊斯特伍德,
大友启史,
金亨俊,
拉斯·冯·提尔,文艺作者
亚当·布鲁克斯,
迈克尔·贝,
约翰·麦克蒂尔南,
柳昇完,
陈英雄,
迈克·内威尔,
嘉瑞斯·贾里维克,
禹民镐,
吉米·海沃德/史蒂夫·马蒂诺,
热拉尔·克瓦兹克,
尹钟彬,
马克思·梅尔,
吉尔·约格尔,
陈凯歌,
彼得·赫奇斯,
王川,
弗朗索瓦·欧容,
吉诺特·兹瓦克,
布拉德·福尔曼,
大友启史,
金基德,
安德鲁·海格,
帕特里斯·夏侯,
史蒂文·斯皮尔伯格,文艺作者
马克·福斯特,
保罗·格林格拉斯,
罗伯特·罗德里格兹/伊莱·罗斯/昆汀·塔伦蒂诺/埃德加·赖特/罗布·赞比,
中村义洋,
彼得·威尔,
理查德·艾尔,
泰伦斯·马力克,文艺作者
帕维乌·帕夫利科夫斯基,文艺作者
普拉奇亚·平克尧,
麦当娜,
彼得·卡坦纽,
于地纮仁,
郭暻泽,
蔡明亮,文艺作者
罗伯特·斯蒂文森,
杰西卡·沙泽尔,
庾河,
安娜·波顿/瑞安·弗雷克,
蒂尔·施威格,
瑟琳·席安玛,
成龙,
郝杰,
许秦豪,
尼提瓦·塔拉吞,
史蒂芬·安汀,
泷田洋二郎,
阿尔弗雷德·希区柯克,
李贤珠,
宫藤官九郎,
克里斯托夫·奥诺雷,
让-卢普·费利乔利/阿兰·嘎诺尔,
谭朗昌,
罗伊·安德森,文艺作者
黄东赫,
米歇尔·贡德里/莱奥·卡拉克斯/奉俊昊,
高畑勋,动画导演
贾森·雷特曼,
克里斯·哥伦布,
姜帝圭,
小岛正幸,
土井裕泰,
凯瑞·福永,
袁和平,
夏钢,
西德尼·吕美特,
王全安,
品川祐,
白石和弥,
犬童一心,
休·赫德森,
小江,
罗恩·克莱蒙兹/约翰·马斯克,
,
蔡明亮,文艺作者
巴瑞·莱文森,
朗·霍华德,
尼提瓦·塔拉吞,
娜丁·拉巴基,
杰瑞·扎克斯,
孙道临,
杰瑞·扎克,
陈可辛,
沙蒙/林杉,
杜琪峰,
冲田修一,
威廉·惠勒,
赵心水,
植田泰史/都築淳一/城宝秀則/岩田和行/河野圭太,
热罗姆·恩里科,
潘文杰,
基里尔·谢列布连尼科夫,
,
山崎贵/本广克行/佐藤嗣麻子/中田秀夫/清水崇,
德斯汀·克里顿,
兰德尔·克莱泽,
阿里·福尔曼,
迪恩·帕里索,
方润南/尤磊,
永田琴,
艾拉·萨克斯,
佩德罗·阿莫多瓦,文艺作者
霍建起,
迈克尔·拉巴什/安东尼·莱昂迪斯,
,
瓦迪姆·佩尔曼,
保罗·塔维亚尼/维托里奥·塔维亚尼,
佐藤信介,
芝山努,
三木聪,
汤姆·霍珀,
,
克里斯蒂安·蒙吉,
桑弧,
荒木哲郎/肥冢正史/田中洋之,
石立太一,
鲁弗斯·诺里斯,
乔·舒马赫,
霍华德·霍克斯,
佐久间纪佳,
霍华德·霍克斯,
戴宝拉·卡姆普梅尔,
贝纳尔多·贝托鲁奇,大师派
乔恩·阿米尔,
胡进华,
谢晋,
辻初樹,
让·贝克,
丹尼斯·阿康特,
凯文·科斯特纳,
沃纳·赫尔佐格,大师派
洪金宝,
,
,
约翰·克劳利,
西斯科·盖伊,
塔蒂亚·罗森娜尔,
迪特里希·布鲁格曼,
盖瑞·马歇尔,
R·巴尔基,
武藤信宏,
蒂姆·米勒,
阿德瓦·香登,
丹尼斯·维伦纽瓦,商业主流
山姆·雷米,
大卫·叶茨,
钮承泽,
非行,
陈嘉上,
罗伯特·斯文克,
米凯尔·哈弗斯特罗姆,
尔冬升,
白雪,
埃德加·赖特,
罗伯·科恩,
肯尼·奥特加,
南希·迈耶斯,
蒂姆·波顿,
王家卫,大师派
扎克·施奈德,
林诣彬,
李元泰,
陈建斌,
罗勒·莎菲,
彼得·韦柏,
迈克尔·帕特里克·金,
袁和平,
达伦·林恩·鲍斯曼,
元泰渊,
安妮·弗莱彻,
大卫·芬奇,商业主流
大卫·海克尔,
布莱特·拉特纳,
李炳宪,
李相日,
马伟豪,
曹义锡‍/金丙书,
史蒂文·斯皮尔伯格,文艺作者
R·巴尔基,
马丁·麦克唐纳,
陆川,
米开朗基罗·安东尼奥尼/维姆·文德斯,
于仁泰,
斯派克·李,文艺作者
玛丽·哈伦,
尔冬升,
托尼·斯科特,
克利姆·希片科,
托尼·斯科特,
韦家辉,
宋一坤,
刘家良,
冯小宁,
朱延平,
金基德,
熊泽尚人,
詹姆斯·伊沃里,
罗杰·米歇尔,
史蒂文·斯皮尔伯格,文艺作者
约瑟夫·L·曼凯维奇,
刘国昌,
克林特·伊斯特伍德,
史蒂文·索德伯格,文艺作者
萨姆·门德斯,
郑朱莉,
艾利·克雷格,
鲁本·奥斯特伦德,文艺作者
陈果,
谢卡尔·卡普尔,
庄宇新,
派蒂·杰金斯,
迈克·加布里尔/埃里克·古德伯格,
克洛德·贝里,
关锦鹏,文艺作者
查尔斯·克莱顿,
格雷厄姆·安纳布尔/安东尼·斯塔基,
林岭东,
李相日,
克里斯蒂安·蒙吉,
比利·怀德,
尼古拉·列别捷夫,
李志毅,
约翰·李·汉考克,
吕克·贝松,
戈尔·维宾斯基,文艺作者
韦恩·克雷默,
姜孝镇,
乔·德特杜巴,
徐克,
托德·菲尔德,
园子温,文艺作者
北野武,文艺作者
游达志,
杰夫·泽姆巴利斯特/迈克尔·泽姆巴利斯特,
泷田洋二郎,
罗维/吴家骧,
邓勇星,
大卫·扎克,
罗伯特·泽米吉斯,
三池崇史,文艺作者
雅克·欧迪亚,
克里斯·努安,
科奇·吉尔佐,
莱奥·卡拉克斯,文艺作者
,
韩东旭,
铃木雅之/石川淳一/植田泰史/松木創/木下高男,
里克·罗曼·沃夫,
杜琪峰,
F·加里·格雷,
阿列克赛·西多洛夫,
阿久根知昭,
袁英明,
保罗·韦兹,
李翰,
拉尔沙·康达基,
尼古拉斯·迈耶,
罗伯特·高洛斯,
曹建南,
伊藤匡史,
麦温,
克里斯多夫·莫利斯,
高志森,
冲田修一,
阿尔弗雷德·希区柯克,
北久保弘之,
志水淳儿,
路易斯·曼多基,
,
宋岳峰,
棚田由纪,
杨德昌/柯一正/陶德辰/张毅,
加斯帕·诺,
杰伊·罗奇,
威廉·弗莱德金,
迈克尔·度德威特,
卢卡·瓜达尼诺,
,
吕乐,
鲁卡斯·穆迪森,
冯小宁,
费尔南多·莱昂·德·阿拉诺亚,
法乌斯托·布里齐,
吉姆·弗尔,
约翰·G·艾维尔森,
张坚庭,
大卫·林奇,文艺作者
劳伦·冈泰,
汤姆·森兰,
纳瓦彭·坦荣瓜塔纳利,
尼古拉斯·迈耶,
里兹·弗德兰德,
德米特里·基谢廖夫,
王苹,
安权太,
威廉·奥尔森,
高志森,
,
罗曼·波兰斯基,
让-吕克·戈达尔,大师派
崔成贤,
陈英雄,
李俊/韦廉,
阪本顺治,
马丁·坎贝尔,
迈克尔·鲍威尔,
,
张彻,
侯达·本亚闵纳,
,
汉尼·阿布-阿萨德,
,
布莱恩·德·帕尔玛,
胡明凯/邓衍成,
塔玛拉·詹金斯,
伍迪·艾伦,
塞巴斯蒂安·劳德巴克,
堤幸彦,
洪尚秀,
朴珍杓,
马伟豪,
杰克·卡斯丹,
,
菲利普·李·古伊,
罗丝·博斯,
王放放,
丁亮,
弗朗西斯·福特·科波拉,大师派
,
严宥娜,
路易斯·莱特里尔,
乔恩·费儒,
冯小刚,
陈正道,
罗伯·马歇尔,
叶伟信,
盖·里奇,
马特·里夫斯,
贾樟柯,文艺作者
克里斯多夫·甘斯,
克里斯·雷纳德/亚罗·切尼,
陈可辛/赵良骏,
盖·里奇,
巴里·索南菲尔德,文艺作者
马丁·斯科塞斯,文艺作者
温子仁,
萧雅全,
杜琪峰,
罗伯·明可夫,
史蒂文·斯皮尔伯格,文艺作者
克里斯·米勒,
张艺谋,商业主流
佩德罗·阿莫多瓦,文艺作者
王晶,
F·加里·格雷,
肯·卡皮斯,
欧格斯·兰斯莫斯,文艺作者
布拉德·安德森,
安德鲁·亚当森/凯利·阿斯博瑞/康拉德·弗农,
温子仁,
,
詹姆斯·瓦特金斯,
尼尔·博格,
克林特·伊斯特伍德,
侯孝贤,大师派
张杨,
盖瑞·温尼克,
乔·卡纳汉,
冯小刚,
柳昇完,
白宗烈,
让-皮埃尔·热内,文艺作者
山本泰一郎,
刘伟强,
吴宇森,
安东尼·福奎阿,
元奎,
加雷斯·埃文斯,
杨凡,
胡安·安东尼奥·巴亚纳,
威廉·弗莱德金,
成龙,
凯瑟琳·毕格罗,
叶念琛,
罗伯特·泽米吉斯,
莫滕·泰杜姆,
洪金宝,
奈吉·柯尔,
潘文杰,
昆汀·塔伦蒂诺,商业主流
马提欧·加洛尼,
伊利亚·奈舒勒,
三木孝浩,
金正权,
保罗·范霍文,
堤幸彦,
格雷格·马克斯,
史蒂芬·戴德利,
布鲁斯·A·埃文斯,
朱浩伟,
约翰·麦克蒂尔南,
约翰·帕特里克·尚利,
布赖恩·克卢格曼/李·施特恩塔尔,
胡里奥·密谭,
园子温,文艺作者
布莱恩·德·帕尔玛,
翁路明/宋崇,
贝赫·泽特林,
李铢真,
斯科特·斯皮尔,
古斯塔夫·莫勒,
堤幸彦,
李道允,
贾森·雷特曼,
玛伦·阿德,文艺作者
,
彼得·西格尔,
西村正記,
西坂瑞城,
林正英,
毕鲍·鲍格朗,
叶伟信,
山下敦弘,
泷本智行,
松太加,
小中和哉,
佩德罗·阿莫多瓦,文艺作者
三岛有纪子,
欧·帕克,
泽维尔·多兰,
北野武,文艺作者
葛兰·杜奇克,
莱斯·梅菲尔德,
钟孟宏,
李彦禧,
兼重淳,
大森立嗣,
陈嘉上/林超贤,
黛布拉·格兰尼克,
罗伯特·怀斯,
陈英雄,
张杨,
严泰华,
迈克尔·莱德福,
巴瑞·莱文森,
三木孝浩,
董玮,
林岭东,
马丁·伯克,
杰克·施莱尔,
金相辰,
莎拉·史密斯/巴里·库克,
乔治·海肯卢珀,
矢口史靖,
黄祖模,
阿尔弗雷德·希区柯克,
廖希/韩平/张巳阳,
小泉德宏,
安国真,
西奥多·梅尔菲,
松木创/岩田和行/佐藤源太/高丸雅隆/落合正幸,
孟京辉,
斯蒂文·奈特,
凯瑟琳·哈德威克,
迈克尔·哈内克,文艺作者
李国立,
三木聪,
瑞奇·热维斯/斯戴芬·莫昌特,
松永大司,
平松惠美子,
堤幸彦,
约翰·迈克尔·麦克唐纳,
亚历山大·索科洛夫,文艺作者
志水淳儿,
李润珍,
李睿珺,
植田泰史/杉本达/石川淳一/岩田和行/都築淳一,
金·维多,
阿莱克斯·德·拉·伊格莱西亚,
马伟豪,
麦克·卡希尔,
布莱恩·德·帕尔玛,
杰罗姆·罗宾斯/罗伯特·怀斯,
麦婉欣/鄭思傑,
万古蟾,
詹姆斯·范德比尔特,
奥利维耶·杜卡斯泰尔/雅克·玛尔提诺,
詹姆斯·肯特,
杰瑞德·赫斯,
片渊须直,
佐藤宏幸,
西川美和,文艺作者
巨兴茂,
西川美和,文艺作者
苏乔伊·高什,
,
,
舒琪,
洪尚秀,
堤幸彦,
约翰·帕斯昆,
斯派克·李,文艺作者
霍猛,
水岛努,
,
比利·怀德,
麦当杰,
塞德里克·克拉皮斯,
帕迪·康斯戴恩,
中村义洋,
宫本理江子,
刘家良,
猪股隆一,
梁允豪,
张律,
赵良骏,
,
张加贝,
莎莉·波特,
星护,
弗朗索瓦·欧容,
松田秀知,
宍户淳,
洪金宝,
张律,
宋欣颖,
尼尔·阿姆菲尔德,
珊妮·盖博,
胡明凯/邓衍成,
新海诚,动画导演
李东恩,
唐·希格尔,
凯特·绍特兰,
,
彭小莲,
莫里斯·皮亚拉,
埃罗依·朗/诺米·萨格雷欧,
罗伯特·布德里奥,
罗宾·哈迪,
森田芳光,
胡里奥·密谭,
蔡楚生,
乌尔善,
盖瑞·马歇尔,
麦兆辉/庄文强,
陈木胜,
麦兆辉/庄文强,
马修·沃恩,
凯尔·巴尔达/皮埃尔·柯芬,
大卫·斯雷德,
莎伦·马奎尔,
杨雅喆,
郭在容,
J·J·艾布拉姆斯,
翁子光,
马丁·坎贝尔,
保罗·费格,
陈嘉上,
罗恩·克莱蒙兹/约翰·马斯克/唐·霍尔/克里斯·威廉姆斯,
萨拉萨瓦蒂·翁索姆佩奇,
斯蒂芬·索莫斯,
史蒂文·斯皮尔伯格,文艺作者
李勇周,
中田秀夫,
彼得·洛伊德/尼克·帕克,
克利斯汀·迪特,
马克·劳伦斯,
杨凡,
保罗·托马斯·安德森,文艺作者
安德烈·艾弗道夫,
张坚庭,
元奎,
王晶,
陈国富,
朴赞郁,
彭浩翔,
多米尼克·塞纳,
罗曼·波兰斯基,
凯瑞·福永,
阿方索·卡隆,文艺作者
陈庆嘉/秦小珍,
中村义洋,
高志森,
扎克·施奈德,
汤姆·麦格拉思,
袁和平,
安相勋,
迈克尔·格兰达吉,
方银振,
颂裕·素玛戈南,
成龙,
唐季礼,
彭浩翔,
乔纳森·戴顿/维莱莉·法瑞斯,
马丁·坎贝尔,
大卫·洛维,
布拉德·塞伯宁,
金志勋,
丽莎·查罗登科,
阿德里安·莱恩,
郑晓龙,
尼古拉斯·斯托勒/道格·斯威特兰德,
张杨,
叶大鹰,
金基德,
胤祥,
王家卫/米开朗基罗·安东尼奥尼/史蒂文·索德伯格,
崔国熙,
彼得·麦克唐纳德,
崔东勋,
谷德昭,
本·帕尔马,
杨亚洲,
凯文·坦查隆,
萨姆·门德斯,
,
克里斯·韦奇/卡洛斯·沙尔丹哈,
,
让-马克·瓦雷,
朴镇彪,
欧·帕克,
宋岳峰,
马丁·坎贝尔,
奥里奥尔·保罗,
陈凯歌,
乔·庄斯顿,
比利·怀德,
岩井俊二,文艺作者
亚当·尚克曼,
梁允豪,
让-皮埃尔·达内/吕克·达内,
大卫·柯南伯格,
菲利普·考夫曼,
高志森,
保罗·麦圭根,
鲁本·奥斯特伦德,文艺作者
张勋,
洪尚秀,
吕克·贝松,
三木孝浩,
石井裕也,
埃里克·莱顿,
罗伯特·罗德里格兹,
朱延平,
奥利维耶·阿萨亚斯,文艺作者
蒂姆·布雷克·尼尔森,
弗朗索瓦·欧容,
柯瑞·爱德华兹/托德·爱德华兹/托尼·里奇,
肯尼思·布拉纳,
荒牧伸志,
迈克尔·莱德福,
源孝志,
迈克尔·霍夫曼,
迈克尔·诺尔,
李翰,
托尔·弗罗伊登塔尔,
里克·罗曼·沃夫,
周美玲,
罗宾·史威考德,
阿巴斯·基亚罗斯塔米,大师派
赵明,
邓衍成,
海谷敏久,
徐克,
山本透,
刘观伟,
彼得·休伊特,
斯坦利·多南,
,
佐藤祐市,
沃纳·赫尔佐格,大师派
李廷香,
荻岛达也,
胡一泊,
麦曦茵,
彼德·切尔瑟姆,
泽维尔·多兰,
亚历杭德罗·阿梅纳瓦尔,
李翰祥,
彼得·西格尔,
,
保罗·格林格拉斯,
韩在林,
约翰·马登,
,
史蒂文·索德伯格,文艺作者
铃木雅之,
丽莎·查罗登科,
周浩晖,
萨姆·泰勒·约翰逊,
伊兰·迪朗·科昂,
,
道格·墨菲,
阿尔弗雷德·希区柯克,
钱运达/唐澄,
大卫·柯南伯格,
文在容,
李相日,
洪荣杰,
汤姆·麦克洛克林,
詹姆斯·伊沃里,
胡金铨,
安德鲁·戴维斯,
雷尼·哈林,
约翰·麦克蒂尔南,
李石勋,
林权泽,
爱德华·兹威克,
乔治·库克,
马可·克罗伊茨派因特纳,
谭家明,
金大胜,
新田義方,
西浦正记,
安吉丽娜·朱莉,
井坂聪,
荣·伊斯特,
,
李相日,
,
关锦鹏,文艺作者
曾利文彦,
让-弗朗索瓦·雷切,
斯派克·李,文艺作者
关锦鹏,文艺作者
斯蒂芬·霍普金斯,
杰克·斯迈特,
黑泽明,大师派
侯孝贤,大师派
汤姆·麦卡锡,
,
比利·奥古斯特,
张鑫炎/张子恩,
柳昇完,
安德鲁·纳科曼,
郑大圣,
马歇尔·赫斯科维兹,
西田征史,
原惠一,
马库斯·戈勒,
内田贤治,
川尻善昭,
清水崇 Takashi Shimizu,
乔纳森·莱文,
徐克,
何塞·路易斯·格林,
乔·舒马赫,
黄泰来,
堤幸彦,
汤米·李·琼斯,
苏照彬 (Chao Pin Su),
莎拉·哈丁,
张志成,
姜秀琼,
约翰·斯特奇斯,
努里·比格·锡兰,文艺作者
,
让-皮埃尔·达内/吕克·达内,
周圣崴,
片山修,
楼一安,
徐峥,
凯瑟琳·哈德威克,
韩延,
陈凯歌,
雷德利·斯科特,商业主流
马克·韦布,
肖恩·利维,
乔恩·费儒,
吕乐,
保罗·格林格拉斯,
提莫·贝克曼贝托夫,
郑保瑞,
山崎贵,
菲尔·罗德/克里斯托弗·米勒,
刘杰,
尼尔·博格,
尔冬升,
寒竹百合,
拜伦·霍华德,
娄烨,青年独立
乔纳森·莱文,
汤姆·福特,
王晶,
安德鲁·斯坦顿/安格斯·麦克莱恩,
黄真真,
伦·怀斯曼,
,
罗志良,
乔治·米勒/沃伦·科尔曼/朱迪·莫里斯,
马克·耐沃尔代/布莱恩·泰勒,
程小东,
林书宇,
詹姆斯·曼高德,
迈克尔·曼,
迈克尔·克里斯托弗,
欧格斯·兰斯莫斯,文艺作者
约翰·波尔森,
徐克/林岭东,
帕特里克·亚力桑德罗,
胡安·安东尼奥·巴亚纳,
加斯·戴维斯,
卡梅伦·克罗,
蒂姆·希尔,
卡梅伦·克罗,
阿莱克·凯西西恩,
柳昇完,
迈克尔·哈内克,文艺作者
史蒂文·索德伯格,文艺作者
斯蒂芬·索莫斯,
迈克尔·戴维斯,
高田雅博,
克里斯蒂安·阿瓦特,
蒂姆·波顿,
班庄·比辛达拿刚/柏德潘·王般,
迈克尔·艾普特,
扎克·施奈德,
金辉,
S·S·拉贾穆里,
阿里斯特·格里尔森,
贾樟柯,文艺作者
冯小刚,
郑秉吉,
是枝裕和,文艺作者
保罗·提比特/迈克·米切尔,
伯纳德·罗斯,
安德里亚·阿诺德,
三池崇史,文艺作者
迈克尔·贝,
唐季礼,
森田芳光,
福田雄一,
傅天余,
西谷弘,
贾斯汀·贝尔杜尼,
元新渊,
鲁德,
布莱恩·德·帕尔玛,
金知云/朗斯·尼美毕达/陈可辛,
大岛渚,文艺作者
朴光铉,
南希·迈耶斯,
大卫·林奇,文艺作者
李圭满,
凯瑞·柯克帕特里克/杰森·雷西格,
江玉仪/钟炜钊,
伊桑·科恩/乔尔·科恩,
D·凯瑞·普瑞尔,
乔什·拉德诺,
伍迪·艾伦,
杜琪峰,
大卫·柯南伯格,
三木孝浩,
克里斯托夫·奥诺雷,
罗德里戈·加西亚,
北野武,文艺作者
乔丹·沃格特-罗伯茨,
查理·考夫曼/杜克·约翰逊,
李宋喜一,
滨口龙介,
佩德罗·阿莫多瓦,文艺作者
埃斯基尔·沃格特,
查理·麦克道威尔,
阿兰·吉罗迪,
杰克·海勒,
安东尼·明格拉,
刘伟恒,
钟孟宏,
柳昇完,
约翰·麦卡伦,
李翰祥,
许秦豪,
安里麻里,
姜帝圭,
安诺·绍尔,
伍迪·艾伦,
曾瑾昌,
博卡·格德斯维特,
提莫·贝克曼贝托夫,
沈东,
福田雄一,
张作骥,
伊桑·科恩/乔尔·科恩,
罗伯特·罗德里格兹,
邓衍成,
劳伦斯·卡斯丹,
安德烈·萨金塞夫,
阿兰·夏巴,
杜琪峰,
肯·斯科特,
乔尔·霍普金斯,
奚仲文,
邓衍成,
冯世雄,
山本泰一郎,
侯孝贤,大师派
大谷肇,
罗伯·爱泼斯坦/杰弗里·弗里德曼,
广木隆一,
瑞恩·库格勒,
迈克·李,文艺作者
,
克里斯托夫·奥诺雷,
行定勋,
皮埃尔·保罗·帕索里尼,
妮可·哈罗芬瑟,
本·杨格尔,
徐耿,
刘山姆/劳伦·蒙哥马利,
西蒙·阿布德,
马基德·马基迪,
史蒂文·利斯伯吉尔,
让-雅克·阿诺,
伍迪·艾伦,
李睿珺/易小星/田原/王大庆/刘勇宏/杜波/佟志坚/姜颖/杨智麟,
杰克·斯科特,
迈克尔·道斯,
班庄·比辛达拿刚,
桥口亮辅,
王小帅,
颂裕·素玛戈南,
天愿大介,
裴林,
肖恩·克里斯汀森,
李翰祥,
路易斯·奥特加,
李在容,
大卫·马肯兹,
彼得·威尔,
弗兰克·克拉斯,
拉希·阿尼尔·巴夫/安南·甘地/阿德什·普拉萨德,
亚历山大·索科洛夫,文艺作者
费奥多尔·邦达尔丘克,
克里斯蒂安·佩措尔德,文艺作者
森田芳光,
南大中,
木村尚,
三池崇史,文艺作者
迪恩·康迪,
斯图尔特·贝尔德,
理查德·唐纳,
兰德尔·克莱泽,
,
迈克尔·温特伯顿,
杰瑞米·西姆斯,
路易斯·曼多基,
克林特·伊斯特伍德,
胡安,
托比·格恩科尔/肖恩·麦克科马克,
,
泰迪·罗宾,
张铮/黄健中,
星护,
弗雷德·卡瓦耶,
霍华德·霍克斯,
马克斯·法贝尔布克,
皮埃尔·保罗·帕索里尼,
杰·拉塞尔,
乔恩·阿米尔,
吉姆·谢里丹,
园子温,文艺作者
纳瓦彭·坦荣瓜塔纳利,
阿古斯丁·比利亚龙加,
山本蒼美,
南泽秀,
埃里克·侯麦,大师派
汤姆·沃恩,
赵婷,
艾里西欧·苏比耶拉,
沃尔克·施隆多夫,
元永庆太郎,
川久保圭史,
楚原,
阿莉切·罗尔瓦赫尔,
三原光寻,
李翰祥,
牟敦芾,
申政元,
罗宾·坎皮略,
薛晓路,
陈木胜,
刁亦男,青年独立
刘伟强/麦兆辉,
张艺谋,商业主流
王冉,
布尔·斯蒂尔斯,
侯孝贤,大师派
山姆·雷米,
冯小刚,
顾长卫,
安德鲁·亚当森,
林超贤,
罗兰·艾默里奇,
约翰·辛格顿,
瑞恩·墨菲,
朗·霍华德,
元奎/路易斯·莱特里尔,
克里斯·韦兹/保罗·韦兹,
史蒂夫·麦奎因,文艺作者
新城毅彦,
高群书,
王晶,
约翰·马登,
郑保瑞,
伦·怀斯曼,
彼得·韦柏,
,
鲁本·弗雷斯彻,
张艾嘉,文艺作者
王小帅,
罗伯·科恩,
滕丛丛,
徐浩峰,
侯咏,
拉斯·冯·提尔,文艺作者
莎伦·马奎尔,
尔冬升,
多米尼克·塞纳,
清水崇,
王晶,
长峰达也,
约翰·卡梅隆·米切尔,
西尔维斯特·史泰龙,
格里高利·霍布里特,
,
闵奎东,
河正宇,
刘伟强,
罗伯特·泽米吉斯,
陈嘉上,
罗杰·斯波蒂斯伍德,
安东尼·福奎阿,
金成洙,
汤姆·沙迪亚克,
热拉尔·克瓦兹克,
笕昌也,
蒂姆·波顿,
大卫·柯南伯格,
那奇欧·维加隆多,
伍迪·艾伦,
韩在林,
林顺礼,
扬·德·邦特,
保罗·格林格拉斯,
韦斯·克雷文,
皮特·特拉维斯,
乔·舒马赫,
武内英树,
钟孟宏,
土井裕泰,
贝尼特·米勒,
让·雅南,
岩井俊二,文艺作者
克里斯·韦兹/保罗·韦兹,
洪尚秀,
约翰·希尔寇特,
布拉德·安德森,
贝瑞特·奈鲁利,
叶伟民,
贾樟柯,文艺作者
罗伯特·泽米吉斯,
陈果,
谢卡尔·卡普尔,
路易·马勒,
严浩,
比尔·杜克,
普拉奇亚·平克尧,
金基德,
比勒·沃道夫,
凯尔·帕特里克·奥瓦内兹,
德鲁·巴里摩尔,
克里斯蒂安·古德加斯特,
史蒂文·斯皮尔伯格,文艺作者
金周焕,
维贾伊·克利须那·阿查里雅,
洪金宝,
米克·范迪姆,
孙英胜,
克雷格·吉勒斯佩,
,
奥米史·舒克拉,
唐·罗斯,
,
朱延平,
莎莉·波特,
孙周,
佐藤祐市/村上正典/若松节朗/植田泰史/岩田和行,
罗伯特·德尼罗,
柳彰河,
高志森/宋豪辉,
丹尼斯·杜根,
小乔治·提尔曼,
约翰·摩尔,
阿尔弗雷德·希区柯克,
吉姆·艾布拉姆斯,
尼尔·乔丹,
许秦豪,
西蒙·韦斯特,
郑胤澈,
阿尔韦托·罗德里格斯,
洪金宝/元奎,
尼尔·乔丹,
植田泰史/中村亮太,
亚历桑德拉-泰雷斯·肯宁,
格兰特·斯布托尔,
关锦鹏,文艺作者
石川北二,
徐克,
黄修平,
格斯·范·桑特,
蔡宓洁,
林顺礼,
杜琪峰,
塙幸成,
金知云,
崔东勋,
嘉里·瑞德斯托姆,
罗永昌,
迈克尔·曼,
李正浩,
斯蒂芬·弗雷斯,
,
迈克尔·哈内克,文艺作者
伦纳德·尼莫伊,
李成康,
乔治·A·罗梅罗,
哈罗德·雷米斯,
洪金宝,
金成浩,
荻上直子,
邱刚健,
安德林妮·夏莉,
特瑞·吉列姆,
斯图尔特·戈登,
,
西德尼·波拉克,
李石勋,
徐辅军,
行定勋,
肯·卡皮斯,
大卫·柯南伯格,
郭子健,
,
金炫锡,
郑君里/岑范,
濑濑敬久,
谢晋,
李智媛,
许冠文,
尼可拉斯·本纳莫/菲利普·拉肖,
路易·马勒,
罗兰·约菲,
伍迪·艾伦,
卢卫国,
乔舒亚·迈克尔·斯坦,
,
谭朗昌,
罗伯特·怀斯,
陈欣健,
刘国昌,
乔纳·希尔,
楚原,
关根光才,
弗朗西斯·福特·科波拉/马丁·斯科塞斯/伍迪·艾伦,
艾拉·萨克斯,
加布里埃莱·穆奇诺,
方刚亮,
三木康一郎,
安德烈·德·托特,
弗朗索瓦·欧容,
韩延,
黄瀬和哉/むらた雅彦,
金基德,
大卫·汉密尔顿,
,
张军钊,
布莱恩·莱温特,
大卫·戈登·格林,
皮埃尔·保罗·帕索里尼,
斯蒂夫·巴伦,
月川翔,
吉田惠辅,
佐藤祐市,
,
帕布罗·拉雷恩,
星护,
皮弗,
克里斯托夫·奥诺雷,
,
张艺谋,商业主流
韩延,
蒂姆·波顿,
杨庆,
王晶/关智耀,
崔东勋,
拉塞尔·穆卡希,
蒂姆·波顿,
吴宇森,
金容华,
陈正道,
拉加·高斯内尔,
史蒂文·索德伯格,文艺作者
程小东/杜琪峰,
斯科特·沃,
罗泓轸,
乔·庄斯顿,
肯尼·奥特加,
安妮·芳婷,
广木隆一,
周显扬,
郭子健,
丹尼斯·杜根,
彭浩翔,
巴兹·鲁赫曼,
金知云,
大卫·雷奇,
叶念琛,
刘伟强,
大卫·索伦,
伍迪·艾伦,
马克·沃特斯,
大卫·芬奇,商业主流
吉尔·克兰,
万玛才旦,
科迪·卡梅伦/克里斯·皮尔恩,
蒂姆·波顿,
彭秀慧,
野末武志,
游乃海,
王晶,
彭发/彭顺,
叶伟民,
雷献禾/康宁,
佛罗瑞·加仑伯格,
马库斯·邓斯坦,
江海洋,
托德·菲利普斯,
李在容,
杜琪峰,
佐藤东弥,
罗德里戈·格兰德,
入江悠,
S·尚卡尔,
黄泰来,
李锡根,
杰瑞米·德桑/安迪·尼曼,
班庄·比辛达拿刚,
吴琦/高峰,
张俊焕,
石井康晴,
迈克·卡希尔,
高志森,
土井裕泰,
蔡明钦,
凯文·雷诺兹,
韩俊熙,
理查德·艾欧阿德,
小泉德宏,
马克·沃特斯,
方银振,
亚历杭德罗·布鲁格斯,
贾斯汀·库泽尔,
许泰丰,
宾·纳伦,
方令正,
艾什·布兰农/克里斯·巴克,
斯邦瑟·舒瑟,
盖伊·汉弥尔顿,
张勋,
温子仁,
彼得·博格,
,
张之亮,
石挥,
李斗士男,
史文炽,
梁明/穆德远,
张作骥,
朴勋政,
妮琪·卡罗,
鲍兹·亚金,
巴里·索南菲尔德,文艺作者
河合勇人,
蒂尔·施威格,
乔纳斯·佩特,
宫藤官九郎,
富永麻衣,
马克·L·莱斯特,
保罗·达诺,
深川荣洋,
万籁鸣/唐澄/速达/陈志宏,
张元,
三池崇史,文艺作者
黄柏文,
理查德·林克莱特,文艺作者
谢晋,
严浩/杨紫,
山姆·雷米,
林岭东,
守屋健太郎,
,
佐藤东弥,
左伊·R·卡萨维泽,
,
落合正幸,
萧力修/北村丰晴,
卞成贤,
岸善幸,
,
迈克·李,文艺作者
田壮壮,
吉尔莫·德尔·托罗,商业主流
吴美保,
彼得·萨特勒,
王晶/向华胜,
金知云,
让-玛丽·普瓦雷,
艾伦·J·帕库拉,
杜琪峰,
濑濑敬久,
彼得·赫奇斯,
田壮壮,
迈克·内威尔,
李志毅,
艾里克斯·库兹曼,
,
王小帅,
理查德·林克莱特,文艺作者
森义隆,
游川和彦,
桑德拉·内特尔贝克,
青山刚昌,
坂本浩一,
,
,
劉國昌,
,
冢本晋也,
刁亦男,青年独立
冢原亚由子,
克雷格·吉勒斯佩,
克劳迪亚·略萨,
罗伯·科恩,
,
杰夫·尼克尔斯,
迈克尔·扬,
罗伯·威廉姆斯,
彼得·杰克逊,商业主流
扬·德芒热,
蝶野博,
布鲁斯·贝尔斯福德,
赵根植,
,
,
刘汉威,
宋海星,
理查德·林克莱特,文艺作者
贝特朗·芒蒂格,
乔治·A·罗梅罗,
,
,
乔什·拉德诺,
李志毅/陈可辛,
佐藤信介,
洪尚秀,
邱礼涛,
约翰·巴特勒,
,
阿彼察邦·韦拉斯哈古,
约翰·沃特斯,
杜尚·马卡维耶夫,
奥利维埃·马夏尔,
伦纳德·尼莫伊,
黄渤,
周星驰/郭子健,
派蒂·杰金斯,
陈正道,
亚历克斯·嘉兰,
管虎,
罗伯特·斯特罗姆伯格,
杜琪峰,
李玉,
爱德华·兹威克,
刘镇伟,文艺作者
陈可辛,
安妮·弗莱彻,
肖恩·利维,
林书宇,
许仁茂,
巨兴茂,
康拉德·弗农/格雷格·蒂曼,
斯蒂芬·索莫斯,
伊桑·科恩/乔尔·科恩,
费德·阿尔瓦雷兹,
山本泰一郎,
奥利弗·帕克,
什里·那拉扬·辛,
吕克·贝松,
伍迪·艾伦,
马楚成,
泽维尔·吉恩斯,
乔·赖特,
罗兰·艾默里奇,
丹尼·博伊尔,商业主流
朱利亚·迪库诺,
托德·菲利普斯,
卞成贤,
基伦·埃弗瑞·韦恩斯,
刘江,
佐藤信介,
D·J·卡卢索,
罗伯·莱特曼/维基·詹森,
柯受良,
金子文纪,
韦斯·克雷文,
张艾嘉,文艺作者
伍迪·艾伦,
S·S·拉贾穆里,
埃德加·赖特,
姜炯哲,
彭浩翔,
是枝裕和,文艺作者
张元,
皮埃尔·沙尔瓦多利,
约翰·A·戴维斯,
杰伊·罗奇,
泷本智行,
热拉尔·克瓦兹克,
阮世生,
博比·法雷里/彼得·法雷里,
郑芬芬,
梁家树,
史蒂芬·西恩博格,
雷德利·斯科特,商业主流
苏照彬,
马特·里夫斯,
吕乐,
陈会毅,
章家瑞,
周子阳,
西蒙·威尔斯,
索布约恩·克里斯托弗森,
赵锐/克里斯托弗·詹金斯,
理查德·唐纳,
沈成宝,
拉斯·冯·提尔,文艺作者
郭子健/郑思杰,
兰道尔·华莱士,
拉斯·霍尔斯道姆,
侯孝贤,大师派
尹学烈,
张宰贤,
托尼·基格里奥,
特洛伊·达菲,
赵良骏,
特伦斯·戴维斯,
黎大炜,
托比·霍珀,
丹尼尔·科恩,
爱德华·兹威克,
平川雄一朗,
崛川顿幸 (Tonko Horikawa),
约翰·辛格顿,
叶大鹰,
雷尼·哈林,
伊桑·科恩/乔尔·科恩,
高志森,
毕国智,
盖·里奇,
金韩民,
朴英勋,
北野武,文艺作者
弗兰克·奥兹,
洪金宝,
托尼·吉尔罗伊,
伍迪·艾伦,
郭维,
詹姆斯·基彻,
徐克,
沃尔特·拜克,
丹泽尔·华盛顿,
道格·里曼,
,
乔治·拉提夫,
午马,
罗伯特·本顿,
巴瑞·莱文森,
罗兰德·苏索·里希特,
彼得·兰德斯曼,
尼尔·帕尼瑞,
谭雅·维克斯勒,
安德烈·祖拉斯基,
罗恩·安德伍德,
林岭东,
水田伸生,
黄蜀芹,
任弼星,
朱塞佩·托纳多雷,文艺作者
广木隆一,
刘镇伟,文艺作者
盐田明彦,
大卫·休默,
加文·胡德,
让-玛丽·普瓦雷,
马修·海涅曼,
李·杜兰·克里格,
苗月,
丁怡瑱,
约翰·格兰,
行定勋,
阮世生,
大卫·马肯兹,
姜知垠,
高橋直治,
濑濑敬久,
刘易斯·吉尔伯特,
三池崇史,文艺作者
北野武,文艺作者
铃木雅之,
斯蒂文·泽里安,
,
凯瑟琳·哈德威克,
朱莉·德尔佩,
洪尚秀,
雅克·欧迪亚,
瑞恩·雷特尔,
贾樟柯,文艺作者
,
丹尼尔·阿尔弗雷森,
伍迪·艾伦,
本广克行,
大森立嗣,
朗斯·尼美毕达,
钱升玮,
中村义洋,
林德禄,
雷尼·哈林,
袁振洋,
凯内尔·穆德卢佐,
蒂姆·费威尔,
贾明·维南斯,
霍耀良,
尹齐均,
李尚勋,
乔治·卢卡斯,
杰夫·瓦德洛,
罗杰·瓦迪姆,
张柏瑞,
蔡继光,
萨宾·贝尔纳迪,
金宗宽,
梁小熊,
丹尼·雷维,
张律,
理查德·唐纳,
姜文,文艺作者
乔·庄斯顿,
F·加里·格雷,
萨姆·门德斯,
道格拉斯·麦金农,
梁乐民/陆剑青,
麦曦茵,
扎克·施奈德,
马丁·坎贝尔,
吕克·贝松,
黄毅瑜,
西蒙·韦斯特,
福田雄一,
西蒙·韦斯特,
伦·怀斯曼,
拉斯·霍尔斯道姆,
布莱特·拉特纳,
卡米尔·狄拉玛,
戈尔·维宾斯基,文艺作者
赵天宇,
金豪俊,
罗伯特·泽米吉斯,
奥利维尔·米加顿,
詹姆斯·B·罗杰斯,
王小帅,
史蒂文·斯皮尔伯格,文艺作者
彼得·博格,
张一白,
李修贤,
大卫·凯普,
泰伦斯·马力克,文艺作者
杰西·迪伦,
黄精甫,
巴特·弗伦德里希,
乔治·克鲁尼,
沙恩·布莱克,
马丁·坎贝尔,
唐永健,
三池崇史,文艺作者
丹尼斯·维伦纽瓦,商业主流
丹尼斯·杜根,
李亨民,
朴勋政,
元彬,
D·J·卡卢索,
斯派克·琼斯,
大卫·戈登·格林,
拉斯·霍尔斯道姆,
刘观伟,
史蒂夫·欧德科克,
袁和平,
凯文·利玛,
提莫·贝克曼贝托夫,
约翰·汉博格,
罗永浩,
约翰·麦克诺顿,
布拉德·安德森,
乔·赖特,
达伦·阿伦诺夫斯基,
中村义洋,
刘镇伟,文艺作者
章家瑞,
金子文纪,
玛丽埃尔·海勒,
本·萨弗迪/约书亚·萨弗迪,
成龙/黄志强,
加文·欧康诺,
迈克尔·克莱顿,
卡梅伦·凯恩斯/科林·凯恩斯,
吉田秋生/铃木浩介/佐佐木浩久/三宅隆太/丰岛圭介/雨宫庆太/平野俊一,
高丸雅隆/小林義則/佐藤源太/植田泰史/后藤康介,
戈尔·维宾斯基,文艺作者
阿彼察邦·韦拉斯哈古,
萨维里奥·科斯坦佐,
,
大卫·凯普,
王冀邢,
土方政人,
吉田惠辅,
康佑硕,
北川悦吏子,
植田泰史/髙丸雅隆/都築淳一/後藤庸介/岩田和行,
大卫·O·拉塞尔,
莱恩·约翰逊,
吴彦祖,
莎娜·费斯特,
郑益奂,
约翰·格兰,
张鑫炎,
洪尚秀,
,
罗伯特·本顿,
冼杞然,
河野圭太,
西川美和,文艺作者
金成宰,
贾森·雷特曼,
雷宇扬 Simon Lui,
洪尚秀,
埃里克·海瑟尔,
杰夫·尼克尔斯,
李欣蔓,
冢本晋也,
约翰·马登,
尹齐均,
苏珊·史特罗曼,
阿德里安·莱恩,
乌利·埃德尔,
阿伯德拉马纳·希萨柯,
文森特·明奈利,
星护,
霍建起,
韩寒,
宋阳/张吃鱼,
盖瑞·罗斯,
郑芬芬,
今井夏木,
让-雅克·阿诺,
麦兆辉/庄文强,
韦斯·鲍尔,
莱恩·约翰逊,
加文·胡德,
肖恩·利维,
盖瑞·马歇尔,
约瑟夫·科辛斯基,
刘阔,
杜琪峰/韦家辉,
尹力,
山崎贵,
佐米·希尔拉,
巴里·索南菲尔德,文艺作者
李濬益,
斯图尔特·哈泽尔丁,
马伟豪,
陈木胜,
迈克尔·斯派瑞/彼得·斯派瑞,
吉尔莫·德尔·托罗,商业主流
罗伯特·路克蒂克,
刘伟强,
盖尔·曼库索,
斯科特·希克斯,
马克·耐沃尔代,
朗·霍华德,
索尔·迪勃,
牛岛新一郎,
陈友,
莎里·斯宾厄·伯曼/罗伯特·帕西尼,
乔什·特兰克,
林靖杰,
吉尔莫·德尔·托罗,商业主流
山崎贵,
李延宇,
高群书,
特瑞·吉列姆,
王微,
索分·沙达菲斯,
尼克·赫伦,
迈克尔·斯派瑞/彼得·斯派瑞,
罗杰·斯波蒂斯伍德,
马库斯·尼斯佩尔,
洪金宝,
加文·维森,
深川荣洋,
蓝乃才,
三池崇史,文艺作者
沃纳·赫尔佐格,大师派
拉斯·冯·提尔,文艺作者
安吉丽娜·朱莉,
李炳宪,
郭在容,
赵崇邦,
刘国昌,
丹尼尔·伊斯皮诺萨,
,
陈宇,
博比·法雷里/彼得·法雷里,
丹尼·博伊尔,商业主流
斯蒂芬·弗雷斯,
热罗姆·萨尔,
李钟奭,
黄建新,
哈罗德·兹瓦特,
李芸婵,
凯文·麦克唐纳,
徐克,
桥本光二郎,
蒂姆·费威尔,
张内咸,
张艺谋,商业主流
吉列尔莫·莫拉莱斯,
王维明,
金成勋,
保罗·安德森,
洪智暎/林大雄/郑凡植/金曲/金宣/闵奎东,
冯巩/杜民,
安东·梅格尔季切夫,
,
查尔斯·谢尔,
乔·卡纳汉,
蒂姆·波顿,
塞巴斯特·柯代洛,
金基德,
尼科莱·阿尔赛,
边永柱,
本尼德克·菲利格夫,
郭暻泽,
彼得·洛伊德/杰夫·纽威特,
M·奈特·沙马兰,
霍耀良,
泽维尔·多兰,
柯尔姆·麦卡锡,
中岛哲也,
安东·寇班,
,
丽贝卡·米勒,
高志森,
徐啸力,
布莱恩·德·帕尔玛,
理查德·贝里,
托尼·斯科特,
佛朗索瓦·吉拉德,
尼古拉斯·亚雷茨基,
邱礼涛,
李尚宇,
罗德里戈·科尔特斯,
罗伯·鲍曼,
濑濑敬久,
塞巴斯蒂安·莱里奥,
行定勋,
刘家良,
刘易斯·吉尔伯特,
林岭东,
唐季礼 (Stanley Tong),
连奕琦,
李彦禧,
方俊华,
德里克·斯安弗朗斯,
特伦斯·杨,
史蒂芬·西恩博格,
刘易斯·吉尔伯特,
梅拉尼·罗兰,
福田雄一,
马克·福斯特,
F·加里·格雷,
约翰·麦克蒂尔南,
,
约翰·格兰,
彼得·格林纳威,大师派
朴大荣,
杜琪峰,
邢健,
贾斯汀·本森/艾伦·穆尔黑德,
詹姆斯·胡特,
孔水昌,
黄泰来,
西蒙·巴雷特/杰森·埃森纳/加雷斯·埃文斯/格雷格·黑尔/艾德亚多·桑奇兹/提莫·塔哈亚托/亚当·温加德,
托尔斯滕·孔斯特勒/蒂尔·施威格,
艾拉·萨克斯,
盖瑞·马歇尔,
水田伸生,
宋存寿/郁正春,
帕特丽夏·罗兹玛,
保罗·哈吉斯,
凯克·麦罗,
多米尼克·塞纳,
罗素·克劳,
,
张同祖,
若木信吾,
河濑直美,文艺作者
杜琪峰,
许宏宇,
吴京,
宁浩,
毕赣,青年独立
文伟鸿,
彼得·博格,
杜琪峰/韦家辉,
林诣彬,
奥利维尔·米加顿,
刘伟强/麦兆辉,
王晶,
奥利维埃·达昂,
饶晓志,
约瑟夫·麦克金提·尼彻,
索菲亚·科波拉,
拉维·德耶瓦尔,
埃里克·布雷维格,
布莱特·拉特纳,
唐纳德·佩特瑞,
詹姆斯·曼高德,
金泰均,
保罗·安德森,
吉尔莫·德尔·托罗,商业主流
丹·特拉亨伯格,
,
大卫·博维斯,
,
奥利弗·帕克,
杜琪峰/韦家辉,
蒂姆·波顿,
帕特里克·塔特普洛斯,
马凯,
劳伦斯·哥特曼,
本·斯蒂勒,
史蒂芬·贝克,
杨超,
亚当·尚克曼,
李雨禾,
谭家明,
大卫·扎克,
安东尼·福奎阿,
彭浩翔,
吉尔·克兰,
黄朝亮,
陈嘉上,
纳内特·波斯特恩,
菲尔·罗德/克里斯托弗·米勒,
许政,
李权,
杜琪峰,
克利斯汀·迪特,
布莱特·拉特纳,
罗伯特·B·维德,
格雷格·莫托拉,
肖恩·利维,
欧格斯·兰斯莫斯,文艺作者
克里斯蒂安·阿瓦特,
左颂升/元奎,
荒户源次郎,
李仁港,
黎妙雪,
张建亚,
奥列格·特罗费姆,
朱迪·福斯特,
白石和弥,
乔纳森·里贝斯曼,
朱延平,
亚当·温加德,
马小刚,
,
罗德·丹尼尔,
伊万·雷特曼,
尼古拉斯·斯托勒,
麦当杰,
叶天伦,
汤姆·霍兰德,
迈克·弗拉纳根,
冈村天斋,
,
沃尔特·拜克,
园子温,文艺作者
纪里谷和明,
罗伯·劳,
伊万·雷特曼,
琳恩·拉姆塞,
周格泰,
,
盐田明彦,
邱礼涛,
米拉·奈尔,
约翰·埃里克·道达尔,
诺亚·鲍姆巴赫,
李骏硕,
谢庭菡,
蒂姆·斯托瑞,
巴斯卡·劳吉哈,
拉加·高斯内尔,
雷尼·哈林,
黛安·英格利什,
尼古拉斯·斯托勒,
陈德森,
朱延平,
谢尔盖·波德罗夫,
马丁·坎贝尔,
村上正典,
朴贤真,
让-弗朗索瓦·雷切,
詹姆斯·庞索特,
中村义洋,
保罗·范霍文,
叶锦鸿,
山下敦弘,
郭在容,
堤幸彦,
,
大卫·博维斯,
郑则仕,
菲尔·奥尔登·罗宾森,
雪莉·霍曼,
前田司郎/松木創/後藤庸介/村上正典/岩田和行,
,
布拉德·安德森,
斯蒂芬·索莫斯,
赵德胤,
刘家良,
马科斯·吉瓦/丹妮亚·帕斯奎尼,
盖伊·汉弥尔顿,
曾利文彦,
迈克尔·卡顿-琼斯,
玛丽莲·阿格雷诺 Marilyn Agrelo,
金正权,
阿里·阿巴西,
约翰·格兰,
徐克,
理查德·隆克瑞恩,
威廉·夏特纳,
盖伊·汉弥尔顿,
凯瑟琳·布鲁克斯,
娄烨,青年独立
杰瑞德·赫斯,
钱升玮,
肖恩·利维,
永山耕三,
大谷健太郎,
吉田大八,
陈会毅,
马提欧·加洛尼,
杜琪峰,
迈克尔·霍夫曼,
,
刘山姆,
,
罗伯特·雷德福,
埃米利奥·马丁内斯·拉萨罗,
大卫·米奇欧德,
诺姆·穆罗,
广木隆一,
金成洙,
吉姆·贾木许,文艺作者
卡尔·弗兰克林,
卡莉·克里,
罗守耀,
克瑞格·麦克林恩,
康佑硕,
黄熙,
谭家明,
许冠文,
罗杰·米歇尔,
兰斯·戴利,
乔治·乌尔夫,
克利斯宾·米尔斯/克里斯·霍普韦尔,
皮托夫,
D·J·卡卢索,
,
周旭,
罗伯特·沙耶,
林景洙,
陈思诚,
许诚毅,
冯小刚,
扎克·施奈德,
朱浩伟,
杨庆,
周杰伦,
托尼·吉尔罗伊,
亚历克斯·普罗亚斯,
帕特里克·休斯,
岸西,
陈玉勋,
大卫·O·拉塞尔,
杜琪峰,
保罗·安德森,
塞斯·格罗斯曼,
朴正祐,
彭发/彭顺,
李力持,
胡安·卡洛斯·弗雷斯纳迪罗,
乔·努斯鲍姆,
约翰·哈里斯,
亚历山大·阿嘉,
乔纳森·莫斯托,
沃尔夫冈·彼德森,
谷德昭,
大卫·扎克,
张元,
李仁港,
安德斯·穆斯切蒂,
罗伯特·路克蒂克,
伊莱·罗斯,
相国强,
史蒂文·奎里,
黄仁镐,
阿莱克斯·德·拉·伊格莱西亚,
叶念琛,
豪梅·巴拉格罗,
乔恩·费儒,
贾德·阿帕图,
杨树鹏,
董玮,
月川翔,
陈映蓉,
马克·汀戴尔,
加斯帕·诺,
保罗·费格,
郑址宇,
方银振,
丁亮/刘富源,
安迪·坦纳特,
下山天,
夏兰特·卡塔里亚,
叶锦鸿,
刘伟强,
奥拉顿德·奥逊山米,
金东濒,
弗朗索瓦·欧容,
山姆·菲尔/罗伯特·斯蒂芬哈根,
托德·施特劳斯-舒尔森,
王晶,
金炫锡,
彼得·苏列特,
章家瑞,
米凯尔·哈弗斯特罗姆,
崔小芹/孟卫兵,
巴里·索南菲尔德,文艺作者
周全,
蔡尚君,
克里斯托弗·兰登,
伊万·雷特曼,
徐克,
汉斯·皮特·莫朗,
,
许鞍华,
三池崇史,文艺作者
马小刚,
洪志英,
罗卓瑶,
朗·霍华德,
林伟伦,
彼得·格林纳威,大师派
沃尔特·拜克,
格雷格·莫托拉,
郑多元,
赵范九,
乔纳森·戴顿/维莱莉·法瑞斯,
成龙,
,
乔阿吉姆·罗恩尼/艾斯彭·山德伯格,
王晶,
大卫·弗兰科尔,
于仁泰,
清水崇,
荒牧伸志,
全桂洙,
李斗士男,
石井克人/植田泰史/元村次宏/松木創,
园子温,文艺作者
,
弗莱德·戴克尔,
约翰·斯托克韦尔,
安妮·芳婷,
奥利维埃·达昂,
土方政人,
鹤田法男,
李睿珺,
丹尼·德维托,
,
斯科特·弗兰克,
桑木天/刘博文,
叶伟信,
毛弘镇,
文森佐·纳塔利,
英勉,
彼特·R·亨特,
加里·戴维·古德伯格,
盐田明彦,
弗洛朗-埃米利奥·西里,
张艾嘉/袁锦麟,
克里斯·韦兹,
金永卓,
豪尔赫·多拉多,
朴世上,
艾瑞克·范·洛依,
格里高利·霍布里特,
彭发,
罗伯·托马斯,
瑟琳·席安玛,
,
朱莉·德尔佩,
曾志伟,
孙承志,
毛利阳一,
堤幸彦,
丁度·巴拉斯,
林岭东,
薇拉·贝尔蒙,
三木聪,
白云学,
黎大炜/黄泰来,
乔纳森·戴米,
马可·布拉姆贝拉,
托尼·斯科特,
金泰经,
,
郑勇基,
金泓善,
哈罗德·贝克尔,
,
杨明明,
,
,
保罗·迈克尔·格拉泽,
由拉特·史帕克,
陈兴中,
黑泽清,文艺作者
,
林赞相,
金奉柱,
尼古拉斯·温丁·雷弗恩,
刘山姆,
乔恩·卡斯丹,
谢雷·福克森,
阿兰·夏巴,
罗文,
阿托姆·伊戈扬,
劳伦·蒙哥马利,
梁柏坚,
草野翔吾,
张镇,
邓特希,
弗朗索瓦·欧容,
哈罗德·雷米斯,
古泽健,
赵薇,
成龙,
克里斯·韦兹,
张一白,
大卫·斯雷德,
弗洛里安·亨克尔·冯·多纳斯马尔克,
陈国辉,
陈可辛,
尔冬升,
蒂姆·斯托瑞,
彼得·博格,
伊万·雷特曼,
约瑟夫·科辛斯基,
威尔·古勒,
史蒂文·奎里,
李玉,
陈骏霖,
彭三源,
尔冬升,
布莱恩·辛格,
徐克,
元奎,
道格·里曼,
扬·德·邦特,
汤米·奥·哈沃,
曼斯·马林德/比约恩·史坦,
杜琪峰,
让-保尔·萨罗米,
吉姆·费尔德·史密斯,
大卫·S·高耶,
吴子云,
刘浩良,
张一白,
金泰均,
新城毅彦,
约瑟夫·麦克金提·尼彻,
奉俊昊,
帕布罗·拉雷恩,
罗伯特·泽米吉斯,
麦咏麟,
尹载然,
罗德里戈·加西亚,
孙周,
尹齐均,
高桥敦史,
梁家仁,
乔·舒马赫,
佐藤信介,
马楚成,
罗志良,
张时霖,
平尾隆之,
詹姆斯·弗雷,
平野俊一,
鹤桥康夫,
中田秀夫,
弗朗西斯·劳伦斯,
花明,
迈克尔·哈内克,文艺作者
西德尼·波拉克,
斯科特·德瑞克森,
郑勇基,
丁亮/林汇达,
克拉克·约翰森,
吕乐,
肖央,
佐藤信介,
田昀树,
格兰特·赫斯洛夫,
周显扬,
乔恩·阿维奈,
大卫·柯南伯格,
丹尼斯·伊利亚迪,
奥利弗·希施比格尔/詹姆斯·麦克特格,
,
冢本连平,
堤幸彦,
威廉·弗莱德金,
金知云,
蒂姆·希尔,
郭暻泽,
张骁,
曹义锡‍,
斯科特·希克斯,
比格斯·鲁纳,
徐克,
迈克·弗拉纳根,
约翰·卡朋特,
布莱特·拉特纳,
陈大明,
沃尔夫冈·彼德森,
马伟豪,
莱·拉索-扬,
大卫·阿耶,
国东锡,
潘文杰,
安兵基,
克里斯多夫·甘斯,
娄烨,青年独立
乔治·米勒/乔治·奥格尔维,
迈克·尼科尔斯,
佐藤东弥,
布莱恩·罗宾斯,
佐藤东弥,
成岛出,
佐藤信介,
张宰贤,
汤姆·汉克斯,
村上正典,
马尔科姆·文维尔,
文斯·马塞洛,
陈大利,
川崎博嗣,
,
拉斯·霍尔斯道姆,
河毛俊作/石川淳一/笕昌也/都築淳一/佐藤源太,
李京美,
卡尔·布伦克尔,
伊丽莎·希特曼,
戴思睿·阿卡万,
S·克雷格·扎勒,
内德·本森,
熊切和嘉,
颜正国,
李元硕,
艾伦·J·帕库拉,
朱延平/金鳌勋,
王晶,
尼察庞·恰阿努,
,
史蒂夫·威廉姆斯,
菲利普·诺伊斯,
刘镇伟,文艺作者
,
安东尼·莱昂迪斯,
布尔·斯蒂尔斯,
霍耀良,
沃尔特·希尔,
米密·莱德,
金东元,
成龙,
汤姆 霍兰 (Tom Holland),
乔纳森·索博尔,
迈克尔·道斯,
大卫·弗兰科尔,
佐藤祐市,
朱拉·亚库比斯克,
金泰昆,
大卫·戈登·格林,
,
哈迪 ·哈杰格,
由拉特·史帕克,
刘畅,
,
克雷格·布鲁尔,
泰迪·罗宾,
三浦大辅,
杉山庆一,
,
迪伦·基德,
雨宫庆太/铃木卓尔/丰岛圭介,
钱月笙,
徐克,
保罗·安德森,
唐季礼,
詹姆斯·曼高德,
加里斯·爱德华斯,
保罗·安德森,
丹尼尔·伊斯皮诺萨,
乔纳森·里贝斯曼,
罗志良,
朱浩伟,
马克·斯蒂文·约翰逊,
杜琪峰/韦家辉,
闵奎东,
奥利佛·斯通,
阿甘,
阮世生,
亨利·朱斯特/阿里尔·舒曼,
史蒂文·R·蒙若尔,
杜琪峰/罗永昌,
伊丽莎白·艾伦,
阮世生,
克里斯多夫·甘斯,
马伟豪,
查克·拉塞尔,
何平,
乔·卡纳汉,
贾德·阿帕图,
罗布·施密特,
三池崇史,文艺作者
列万·加布里阿泽,
王晶/麦子善,
陈德森,
D·J·卡卢索,
斯蒂夫·平克,
英勉,
徐静蕾,
迈克尔·道赫蒂,
朴赞郁,
佩顿·里德,
庾河,
大卫·道金,
乔·林奇,
威廉·莫纳汉,
李霄峰,
黄健中,
M·奈特·沙马兰,
乔·舒马赫,
艾瑞克·莎莫/艾瑞克·韦林,
郑保瑞,
崔震东,
中岛哲也,
鲁本·弗雷斯彻,
汤姆·沃恩,
郑凡植,
叶念琛,
巴塔萨·科马库,
安东·寇班,
汤姆·麦卡锡,
章明,
巴塔萨·科马库,
莱因哈德·克洛斯/霍尔格·塔佩,
乌维·鲍尔,
,
卢克·格林菲德,
索菲亚·科波拉,
赵容善,
卢庚戌,
尹钟彬,
埃尔韦·雷诺阿,
洪基善,
卢克·格林菲德,
顾伦德·查达哈,
皮埃尔·莫瑞尔,
侯季然,
沈威,
邱礼涛,
杰克·维斯特,
王童,
亚历山大·布斯蒂罗/朱利安·莫利,
蒂姆·斯托瑞,
李宰圭,
新城毅彦,
李受妍,
泰伦斯·马力克,文艺作者
朴贤真,
曽利文彦,
亚当·格林/乔·林奇/亚当·莱福金/蒂姆·沙利文,
邱礼涛,
刘伟强,
帕科·卡贝萨斯,
权聆,
郭志均,
拉加·高斯内尔,
梁柏坚,
李桢凡,
昆汀·杜皮约,
郭子健,
松居大悟,
都筑淳一/后藤庸介/城宝秀则/河野圭太/纸谷枫/仓木义典,
袁和平/陈千松,
罗德·拉里,
,
午马,
羽住英一郎,
李澈河,
江平,
加里·辛纳尔,
谷德昭,
金相辰,
克瑞格·麦克林恩,
黄泰来,
安相勋,
冨樫森,
李翰,
扎尔·巴特曼里,
布鲁诺·巴列托,
雷尼·哈林,
欧文·哈里斯,
吉田大八,
武内英树,
奥利佛·斯通,
,
J·李·汤普森,
克雷格·卓贝,
多米尼克·罗彻,
艾伦·瑞克曼,
安立奎·高德,
汤姆·埃德蒙兹,
李玉,
,
贾斯特·杰克金,
郑勇基,
,
宇恵和昭,
陈志发,
金赵光寿,
戴玮,
麦克·勒曼,
肖恩·伯恩,
,
任易,
刘畅,
郭暻泽,
